arquivo,linha,alvo,client_candidate,classe
app/actions/auth/confirmMfaEnroll.ts,68,user_recovery_codes,False,from-candidato
app/actions/auth/confirmMfaEnroll.ts,71,user_recovery_codes,False,from-candidato
app/actions/auth/politicaDeMfa.ts,49,organizations,False,from-candidato
app/actions/auth/politicaDeMfa.ts,62,organizations,False,from-candidato
app/actions/auth/politicaDeMfa.ts,104,platform_admins,False,from-candidato
app/actions/auth/politicaDeMfa.ts,115,organizations,False,from-candidato
app/actions/auth/useRecoveryCode.ts,78,user_recovery_codes,False,from-candidato
app/actions/auth/useRecoveryCode.ts,93,user_recovery_codes,False,from-candidato
app/actions/integrations/disconnectNuvemshop.ts,35,tenant_integrations,False,from-candidato
app/actions/integrations/disconnectNuvemshop.ts,45,tenant_integrations,False,from-candidato
app/actions/onboarding/_shared.ts,58,organizations,False,from-candidato
app/actions/onboarding/_shared.ts,81,organizations,False,from-candidato
app/actions/onboarding/createDefaultAgent.ts,160,ai_agents,False,from-candidato
app/actions/onboarding/createDefaultAgent.ts,174,ai_agents,False,from-candidato
app/actions/onboarding/createDefaultAgent.ts,251,event_log,False,from-candidato
app/actions/onboarding/finishOnboarding.ts,30,organizations,False,from-candidato
app/actions/onboarding/finishOnboarding.ts,39,organizations,False,from-candidato
app/actions/onboarding/finishOnboarding.ts,45,event_log,False,from-candidato
app/actions/onboarding/montarQuadro.ts,47,ai_agents,False,from-candidato
app/actions/onboarding/montarQuadro.ts,61,ai_agent_versions,False,from-candidato
app/actions/onboarding/montarQuadro.ts,94,crm_pipelines,False,from-candidato
app/actions/onboarding/montarQuadro.ts,103,crm_stages,False,from-candidato
app/actions/onboarding/montarQuadro.ts,222,crm_pipelines,False,from-candidato
app/actions/settings/apagarDadosOperacionaisDaOrganizacao.ts,77,organizations,False,from-candidato
app/actions/settings/regenerateRecoveryCodes.ts,44,user_recovery_codes,False,from-candidato
app/actions/settings/regenerateRecoveryCodes.ts,47,user_recovery_codes,False,from-candidato
app/actions/settings/regenerateRecoveryCodes.ts,51,user_recovery_codes,False,from-candidato
app/actions/settings/regenerateRecoveryCodes.ts,54,user_recovery_codes,False,from-candidato
app/actions/settings/updateAdInsightsConnection.ts,113,ad_insights_connections,False,from-candidato
app/actions/settings/updateAdInsightsConnection.ts,158,ad_insights_connections,False,from-candidato
app/actions/settings/updateAdInsightsConnection.ts,210,ad_insights_connections,False,from-candidato
app/actions/settings/updateAdPlatformConnection.ts,127,ad_platform_connections,False,from-candidato
app/actions/settings/updateBranding.ts,110,platform_branding,False,from-candidato
app/actions/settings/updateGoogleAdsConnection.ts,84,ad_platform_connections,False,from-candidato
app/actions/settings/updateGoogleOAuth.ts,94,platform_google_oauth,False,from-candidato
app/actions/settings/updateMetaApp.ts,107,platform_meta_app,False,from-candidato
app/actions/settings/updateMetaApp.ts,162,platform_meta_app,False,from-candidato
app/actions/settings/updatePipelineConfig.ts,46,crm_pipelines,False,from-candidato
app/actions/settings/updatePipelineConfig.ts,66,crm_pipelines,False,from-candidato
app/actions/settings/updateTenant.ts,69,organizations,False,from-candidato
app/actions/shell/setActiveOrg.ts,17,user_organizations,False,from-candidato
app/admin/(protected)/google/page.tsx,54,platform_google_oauth,False,from-candidato
app/admin/(protected)/meta/page.tsx,51,platform_meta_app,False,from-candidato
app/admin/(protected)/tenants/[id]/layout.tsx,68,organizations,False,from-candidato
app/api/v1/admin/audit/[entryId]/route.ts,41,api_audit_log,False,from-candidato
app/api/v1/admin/audit/route.ts,81,api_audit_log,False,from-candidato
app/api/v1/admin/dashboard/kpis/route.ts,55,organizations,False,from-candidato
app/api/v1/admin/dashboard/kpis/route.ts,60,conversations,False,from-candidato
app/api/v1/admin/dashboard/kpis/route.ts,66,channel_sessions,False,from-candidato
app/api/v1/admin/dashboard/kpis/route.ts,73,lgpd_requests,False,from-candidato
app/api/v1/admin/dashboard/kpis/route.ts,101,channel_sessions,False,from-candidato
app/api/v1/admin/dashboard/kpis/route.ts,118,lgpd_requests,False,from-candidato
app/api/v1/admin/dashboard/kpis/route.ts,144,ai_budgets,False,from-candidato
app/api/v1/admin/dashboard/kpis/route.ts,158,conversations,False,from-candidato
app/api/v1/admin/inbox/conversations/[id]/route.ts,30,conversations,False,from-candidato
app/api/v1/admin/inbox/conversations/[id]/route.ts,57,organizations,False,from-candidato
app/api/v1/admin/inbox/conversations/[id]/route.ts,65,contacts,False,from-candidato
app/api/v1/admin/inbox/conversations/[id]/route.ts,73,messages,False,from-candidato
app/api/v1/admin/inbox/conversations/route.ts,75,conversations,False,from-candidato
app/api/v1/admin/incidents/[id]/resolve/route.ts,54,incidents,False,from-candidato
app/api/v1/admin/incidents/[id]/resolve/route.ts,70,incidents,False,from-candidato
app/api/v1/admin/incidents/[id]/resolve/route.ts,104,event_log,False,from-candidato
app/api/v1/admin/incidents/[id]/route.ts,32,incidents,False,from-candidato
app/api/v1/admin/incidents/[id]/route.ts,45,api_audit_log,False,from-candidato
app/api/v1/admin/incidents/route.ts,79,incidents,False,from-candidato
app/api/v1/admin/lgpd/requests/[id]/route.ts,36,lgpd_requests,False,from-candidato
app/api/v1/admin/lgpd/requests/[id]/route.ts,52,organizations,False,from-candidato
app/api/v1/admin/lgpd/requests/[id]/route.ts,59,api_audit_log,False,from-candidato
app/api/v1/admin/lgpd/requests/route.ts,106,lgpd_requests,False,from-candidato
app/api/v1/admin/platform-admins/route.ts,40,platform_admins,False,from-candidato
app/api/v1/admin/tenants/[id]/agents/route.ts,91,organizations,False,from-candidato
app/api/v1/admin/tenants/[id]/agents/route.ts,105,ai_agents,False,from-candidato
app/api/v1/admin/tenants/[id]/agents/route.ts,128,ai_agent_versions,False,from-candidato
app/api/v1/admin/tenants/[id]/health/route.ts,191,channel_sessions,False,from-candidato
app/api/v1/admin/tenants/[id]/health/route.ts,199,tenant_integrations,False,from-candidato
app/api/v1/admin/tenants/[id]/health/route.ts,209,ai_budgets,False,from-candidato
app/api/v1/admin/tenants/[id]/health/route.ts,221,api_audit_log,False,from-candidato
app/api/v1/admin/tenants/[id]/impersonate/route.ts,40,platform_support_sessions,False,from-candidato
app/api/v1/admin/tenants/[id]/reactivate/route.ts,56,organizations,False,from-candidato
app/api/v1/admin/tenants/[id]/reactivate/route.ts,77,organizations,False,from-candidato
app/api/v1/admin/tenants/[id]/reactivate/route.ts,110,event_log,False,from-candidato
app/api/v1/admin/tenants/[id]/route.ts,30,organizations,False,from-candidato
app/api/v1/admin/tenants/[id]/route.ts,65,user_organizations,False,from-candidato
app/api/v1/admin/tenants/[id]/route.ts,69,conversations,False,from-candidato
app/api/v1/admin/tenants/[id]/route.ts,73,messages,False,from-candidato
app/api/v1/admin/tenants/[id]/route.ts,77,crm_leads,False,from-candidato
app/api/v1/admin/tenants/[id]/route.ts,81,orders,False,from-candidato
app/api/v1/admin/tenants/[id]/route.ts,85,lgpd_requests,False,from-candidato
app/api/v1/admin/tenants/[id]/route.ts,102,llm_calls,False,from-candidato
app/api/v1/admin/tenants/[id]/route.ts,110,channel_sessions,False,from-candidato
app/api/v1/admin/tenants/[id]/route.ts,114,tenant_integrations,False,from-candidato
app/api/v1/admin/tenants/[id]/suspend/route.ts,56,organizations,False,from-candidato
app/api/v1/admin/tenants/[id]/suspend/route.ts,72,organizations,False,from-candidato
app/api/v1/admin/tenants/[id]/suspend/route.ts,105,event_log,False,from-candidato
app/api/v1/admin/tenants/route.ts,72,organizations,False,from-candidato
app/api/v1/admin/usage/route.ts,99,organizations,False,from-candidato
app/api/v1/admin/usage/route.ts,126,messages,False,from-candidato
app/api/v1/admin/usage/route.ts,142,conversations,False,from-candidato
app/api/v1/admin/usage/route.ts,168,llm_calls,False,from-candidato
app/api/v1/admin/usage/route.ts,195,ai_agents,False,from-candidato
app/api/v1/admin/usage/route.ts,247,messages,False,from-candidato
app/api/v1/admin/usage/route.ts,266,llm_calls,False,from-candidato
app/api/v1/admin/users/[id]/route.ts,40,user_organizations,False,from-candidato
app/api/v1/admin/users/[id]/route.ts,81,api_audit_log,False,from-candidato
app/api/v1/admin/users/route.ts,93,user_organizations,False,from-candidato
app/api/v1/agenda/agendamentos/[id]/route.ts,23,calendar_appointments,False,from-candidato
app/api/v1/agenda/agendamentos/[id]/route.ts,36,appointment_recovery_receipts,False,from-candidato
app/api/v1/agenda/agendamentos/[id]/route.ts,44,followup_enrollments,False,from-candidato
app/api/v1/agenda/agendamentos/[id]/route.ts,49,messages,False,from-candidato
app/api/v1/agenda/agendamentos/[id]/route.ts,65,job_queue,False,from-candidato
app/api/v1/agenda/agendamentos/[id]/route.ts,69,conversations,False,from-candidato
app/api/v1/agenda/agendamentos/_handler.ts,120,calendar_event_types,False,from-candidato
app/api/v1/agenda/agendamentos/_handler.ts,166,contacts,False,from-candidato
app/api/v1/agenda/agendamentos/_handler.ts,194,calendar_appointments,False,from-candidato
app/api/v1/agenda/agendamentos/_handler.ts,314,calendar_event_types,False,from-candidato
app/api/v1/agenda/agendamentos/_handler.ts,498,calendar_event_types,False,from-candidato
app/api/v1/agenda/agendamentos/_handler.ts,516,calendar_appointments,False,from-candidato
app/api/v1/agenda/agendamentos/_handler.ts,859,crm_lead_links,False,from-candidato
app/api/v1/agenda/agendamentos/_handler.ts,898,crm_leads,False,from-candidato
app/api/v1/agenda/agendamentos/_handler.ts,903,crm_pipelines,False,from-candidato
app/api/v1/agenda/configuracao/route.ts,16,organizations,False,from-candidato
app/api/v1/agenda/enderecos/route.ts,32,calendar_locations,False,from-candidato
app/api/v1/agenda/enderecos/route.ts,34,calendar_event_types,False,from-candidato
app/api/v1/agenda/enderecos/route.ts,39,calendar_appointments,False,from-candidato
app/api/v1/agenda/enderecos/route.ts,82,calendar_locations,False,from-candidato
app/api/v1/agenda/excecoes/route.ts,77,calendar_availability_exceptions,False,from-candidato
app/api/v1/agenda/excecoes/route.ts,111,calendar_availability_exceptions,False,from-candidato
app/api/v1/agenda/excecoes/route.ts,176,calendar_availability_exceptions,False,from-candidato
app/api/v1/agenda/google/calendarios/atualizar/route.ts,15,calendar_connections,False,from-candidato
app/api/v1/agenda/google/calendarios/route.ts,18,calendar_connections,False,from-candidato
app/api/v1/agenda/google/calendarios/route.ts,28,calendar_connection_calendars,False,from-candidato
app/api/v1/agenda/google/callback/route.ts,227,calendar_oauth_nonces,False,from-candidato
app/api/v1/agenda/google/callback/route.ts,325,calendar_connections,False,from-candidato
app/api/v1/agenda/google/callback/route.ts,357,calendar_connections,False,from-candidato
app/api/v1/agenda/google/callback/route.ts,409,calendar_connection_calendars,False,from-candidato
app/api/v1/agenda/google/desconectar/route.ts,92,calendar_connections,False,from-candidato
app/api/v1/agenda/google/desconectar/route.ts,114,calendar_external_events,False,from-candidato
app/api/v1/agenda/google/desconectar/route.ts,121,calendar_connection_calendars,False,from-candidato
app/api/v1/agenda/google/desconectar/route.ts,128,calendar_connections,False,from-candidato
app/api/v1/agenda/pessoas/route.ts,43,user_organizations,False,from-candidato
app/api/v1/agenda/tipos/reativar/route.ts,70,calendar_event_types,False,from-candidato
app/api/v1/agenda/tipos/route.ts,283,calendar_event_types,False,from-candidato
app/api/v1/agenda/tipos/route.ts,334,calendar_event_types,False,from-candidato
app/api/v1/agenda/tipos/route.ts,369,calendar_event_types,False,from-candidato
app/api/v1/agenda/vinculos/route.ts,17,contacts,False,from-candidato
app/api/v1/agenda/vinculos/route.ts,39,conversations,False,from-candidato
app/api/v1/ai/agents/[id]/pause/route.ts,39,ai_agents,False,from-candidato
app/api/v1/ai/agents/[id]/pause/route.ts,53,ai_agents,False,from-candidato
app/api/v1/ai/agents/[id]/proposals/route.ts,50,ai_agents,False,from-candidato
app/api/v1/ai/agents/[id]/proposals/route.ts,60,flywheel_distiller_proposals,False,from-candidato
app/api/v1/ai/agents/[id]/publish/route.ts,69,ai_agent_versions,False,from-candidato
app/api/v1/ai/agents/[id]/publish/route.ts,106,event_log,False,from-candidato
app/api/v1/ai/agents/[id]/reconcile/route.ts,29,ai_agents,False,from-candidato
app/api/v1/ai/agents/[id]/reconcile/route.ts,41,ai_agent_versions,False,from-candidato
app/api/v1/ai/agents/[id]/route.ts,52,ai_agents,False,from-candidato
app/api/v1/ai/agents/[id]/route.ts,125,ai_agents,False,from-candidato
app/api/v1/ai/agents/[id]/route.ts,198,ai_agents,False,from-candidato
app/api/v1/ai/agents/[id]/route.ts,235,ai_agents,False,from-candidato
app/api/v1/ai/agents/[id]/route.ts,264,ai_agents,False,from-candidato
app/api/v1/ai/agents/[id]/runs/route.ts,176,llm_calls,False,from-candidato
app/api/v1/ai/agents/[id]/tool-usage/route.ts,74,ai_agents,False,from-candidato
app/api/v1/ai/agents/[id]/tool-usage/route.ts,86,ai_agent_versions,False,from-candidato
app/api/v1/ai/agents/[id]/tool-usage/route.ts,92,ai_agent_versions,False,from-candidato
app/api/v1/ai/agents/[id]/versions/[vid]/route.ts,42,ai_agent_versions,False,from-candidato
app/api/v1/ai/agents/[id]/versions/[vid]/route.ts,89,ai_agent_versions,False,from-candidato
app/api/v1/ai/agents/[id]/versions/[vid]/route.ts,128,ai_agent_versions,False,from-candidato
app/api/v1/ai/agents/[id]/versions/[vid]/test/route.ts,67,ai_agent_runs,False,from-candidato
app/api/v1/ai/agents/[id]/versions/[vid]/test/route.ts,114,ai_agent_versions,False,from-candidato
app/api/v1/ai/agents/[id]/versions/[vid]/test/route.ts,128,ai_agent_runs,False,from-candidato
app/api/v1/ai/agents/[id]/versions/route.ts,38,ai_agents,False,from-candidato
app/api/v1/ai/agents/[id]/versions/route.ts,58,ai_agent_versions,False,from-candidato
app/api/v1/ai/agents/[id]/versions/route.ts,107,ai_agent_versions,False,from-candidato
app/api/v1/ai/agents/[id]/versions/route.ts,144,ai_agent_versions,False,from-candidato
app/api/v1/ai/agents/assignable/route.ts,62,ai_agents,False,from-candidato
app/api/v1/ai/agents/assignable/route.ts,87,ai_agent_versions,False,from-candidato
app/api/v1/ai/agents/route.ts,67,ai_agents,False,from-candidato
app/api/v1/ai/agents/route.ts,123,ai_agents,False,from-candidato
app/api/v1/ai/agents/route.ts,155,ai_agent_versions,False,from-candidato
app/api/v1/ai/agents/route.ts,196,ai_agents,False,from-candidato
app/api/v1/ai/agents/route.ts,229,ai_agents,False,from-candidato
app/api/v1/ai/automatico-ativo/route.ts,49,ai_agents,False,from-candidato
app/api/v1/ai/budget/route.ts,127,ai_budgets,False,from-candidato
app/api/v1/ai/budget/route.ts,226,ai_budgets,False,from-candidato
app/api/v1/ai/budget/route.ts,238,ai_budgets,False,from-candidato
app/api/v1/ai/budget/route.ts,325,agent_inbox_items,False,from-candidato
app/api/v1/ai/cases/[id]/chat/route.ts,196,agent_case_chat_messages,False,from-candidato
app/api/v1/ai/cases/alerta/teste/route.ts,93,config_aviso_de_caso,False,from-candidato
app/api/v1/ai/credentials/[id]/revalidate/route.ts,45,ai_provider_credentials,False,from-candidato
app/api/v1/ai/credentials/[id]/revalidate/route.ts,89,ai_provider_credentials,False,from-candidato
app/api/v1/ai/credentials/[id]/route.ts,162,ai_provider_credentials,False,from-candidato
app/api/v1/ai/credentials/[id]/route.ts,202,ai_provider_credentials_safe,False,from-candidato
app/api/v1/ai/credentials/[id]/route.ts,228,ai_provider_credentials,False,from-candidato
app/api/v1/ai/credentials/[id]/route.ts,245,ai_agent_versions,False,from-candidato
app/api/v1/ai/credentials/[id]/route.ts,278,ai_provider_credentials,False,from-candidato
app/api/v1/ai/credentials/route.ts,49,ai_provider_credentials_safe,False,from-candidato
app/api/v1/ai/credentials/route.ts,116,ai_provider_credentials_safe,False,from-candidato
app/api/v1/ai/evolution/route.ts,102,<dinamico-ou-expressao>,False,from-candidato
app/api/v1/ai/evolution/route.ts,203,crm_stages,False,from-candidato
app/api/v1/ai/followup-flows/[id]/disable/route.ts,38,followup_flow_pointers,False,from-candidato
app/api/v1/ai/followup-flows/[id]/disable/route.ts,51,followup_flow_pointers,False,from-candidato
app/api/v1/ai/followup-flows/[id]/publish/route.ts,50,followup_flow_pointers,False,from-candidato
app/api/v1/ai/followup-flows/[id]/publish/route.ts,102,crm_stages,False,from-candidato
app/api/v1/ai/followup-flows/[id]/publish/route.ts,168,followup_flow_pointers,False,from-candidato
app/api/v1/ai/followup-flows/[id]/rollback/route.ts,63,followup_flow_pointers,False,from-candidato
app/api/v1/ai/followup-flows/[id]/rollback/route.ts,72,followup_flow_versions,False,from-candidato
app/api/v1/ai/followup-flows/[id]/rollback/route.ts,82,followup_flow_pointers,False,from-candidato
app/api/v1/ai/followup-flows/[id]/route.ts,45,followup_flow_pointers,False,from-candidato
app/api/v1/ai/followup-flows/[id]/route.ts,59,followup_flow_versions,False,from-candidato
app/api/v1/ai/followup-flows/[id]/route.ts,118,followup_flow_pointers,False,from-candidato
app/api/v1/ai/followup-flows/[id]/route.ts,129,followup_flow_pointers,False,from-candidato
app/api/v1/ai/followup-flows/[id]/route.ts,143,followup_flow_pointers,False,from-candidato
app/api/v1/ai/followup-flows/[id]/route.ts,189,followup_flow_pointers,False,from-candidato
app/api/v1/ai/followup-flows/[id]/route.ts,200,followup_enrollments,False,from-candidato
app/api/v1/ai/followup-flows/[id]/route.ts,207,followup_flow_pointers,False,from-candidato
app/api/v1/ai/followup-flows/[id]/route.ts,214,followup_flow_versions,False,from-candidato
app/api/v1/ai/followup-flows/[id]/route.ts,221,followup_flow_pointers,False,from-candidato
app/api/v1/ai/followup-flows/from-model/route.ts,84,crm_stages,False,from-candidato
app/api/v1/ai/followup-flows/from-model/route.ts,122,followup_flow_pointers,False,from-candidato
app/api/v1/ai/followup-flows/route.ts,29,followup_flow_pointers,False,from-candidato
app/api/v1/ai/followup-flows/route.ts,64,followup_flow_pointers,False,from-candidato
app/api/v1/ai/followups/enrollments/[id]/cancel/route.ts,49,followup_enrollments,False,from-candidato
app/api/v1/ai/followups/enrollments/[id]/cancel/route.ts,62,followup_enrollments,False,from-candidato
app/api/v1/ai/followups/enrollments/[id]/cancel/route.ts,81,followup_enrollment_events,False,from-candidato
app/api/v1/ai/followups/enrollments/[id]/route.ts,150,followup_enrollments,False,from-candidato
app/api/v1/ai/followups/enrollments/[id]/route.ts,168,followup_enrollment_events,False,from-candidato
app/api/v1/ai/followups/enrollments/route.ts,45,followup_enrollments,False,from-candidato
app/api/v1/ai/followups/queue/route.ts,173,contacts,False,from-candidato
app/api/v1/ai/followups/queue/route.ts,189,followup_enrollments,False,from-candidato
app/api/v1/ai/followups/queue/route.ts,214,cron_jobs,False,from-candidato
app/api/v1/ai/guardrail-layers/route.ts,64,org_guardrail_layers,False,from-candidato
app/api/v1/ai/guardrail-layers/route.ts,109,org_guardrail_layers,False,from-candidato
app/api/v1/ai/inbox/[id]/route.ts,55,agent_inbox_items,False,from-candidato
app/api/v1/ai/inbox/resolve-all/route.ts,62,agent_inbox_items,False,from-candidato
app/api/v1/ai/inbox/route.ts,45,agent_inbox_items,False,from-candidato
app/api/v1/ai/inbox/route.ts,59,agent_inbox_items,False,from-candidato
app/api/v1/ai/knowledge/chave/route.ts,43,ai_provider_credentials_safe,False,from-candidato
app/api/v1/ai/knowledge/sources/[id]/reindex/route.ts,70,ai_knowledge_sources,False,from-candidato
app/api/v1/ai/knowledge/sources/[id]/reindex/route.ts,91,ai_knowledge_sources,False,from-candidato
app/api/v1/ai/knowledge/sources/[id]/route.ts,69,ai_knowledge_sources,False,from-candidato
app/api/v1/ai/knowledge/sources/[id]/route.ts,88,ai_faq_items,False,from-candidato
app/api/v1/ai/knowledge/sources/[id]/route.ts,136,ai_knowledge_sources,False,from-candidato
app/api/v1/ai/knowledge/sources/[id]/route.ts,162,ai_knowledge_sources,False,from-candidato
app/api/v1/ai/knowledge/sources/[id]/route.ts,189,ai_faq_items,False,from-candidato
app/api/v1/ai/knowledge/sources/[id]/route.ts,210,ai_faq_items,False,from-candidato
app/api/v1/ai/knowledge/sources/[id]/route.ts,266,ai_knowledge_sources,False,from-candidato
app/api/v1/ai/knowledge/sources/[id]/route.ts,290,ai_knowledge_sources,False,from-candidato
app/api/v1/ai/knowledge/sources/[id]/trechos/route.ts,44,ai_knowledge_sources,False,from-candidato
app/api/v1/ai/knowledge/sources/[id]/trechos/route.ts,66,ai_chunks,False,from-candidato
app/api/v1/ai/knowledge/sources/route.ts,88,ai_knowledge_sources,False,from-candidato
app/api/v1/ai/knowledge/sources/route.ts,165,ai_agents,False,from-candidato
app/api/v1/ai/knowledge/sources/route.ts,229,<dinamico-ou-expressao>,False,Storage
app/api/v1/ai/knowledge/sources/route.ts,242,ai_knowledge_sources,False,from-candidato
app/api/v1/ai/knowledge/sources/route.ts,286,ai_faq_items,False,from-candidato
app/api/v1/ai/knowledge/sources/route.ts,291,ai_knowledge_sources,False,from-candidato
app/api/v1/ai/knowledge/sources/upload/route.ts,96,ai_agents,False,from-candidato
app/api/v1/ai/knowledge/sources/upload/route.ts,158,<dinamico-ou-expressao>,False,Storage
app/api/v1/ai/knowledge/sources/upload/route.ts,171,<dinamico-ou-expressao>,False,Storage
app/api/v1/ai/knowledge/sources/upload/route.ts,182,ai_knowledge_sources,False,from-candidato
app/api/v1/ai/knowledge/sources/upload/route.ts,204,<dinamico-ou-expressao>,False,Storage
app/api/v1/ai/memory/entries/[id]/route.ts,50,org_memory_entries,False,from-candidato
app/api/v1/ai/memory/entries/route.ts,45,org_memory_entries,False,from-candidato
app/api/v1/ai/memory/route.ts,36,org_memory_pointers,False,from-candidato
app/api/v1/ai/memory/route.ts,50,org_memory_versions,False,from-candidato
app/api/v1/ai/memory/route.ts,66,org_memory_versions,False,from-candidato
app/api/v1/ai/memory/route.ts,75,org_memory_entries,False,from-candidato
app/api/v1/ai/memory/versions/[id]/route.ts,33,org_memory_versions,False,from-candidato
app/api/v1/ai/operator-metrics/route.ts,59,event_log,False,from-candidato
app/api/v1/ai/pacing/route.ts,44,channel_sessions,False,from-candidato
app/api/v1/ai/pacing/route.ts,54,channel_knobs,False,from-candidato
app/api/v1/ai/pacing/route.ts,122,channel_sessions,False,from-candidato
app/api/v1/ai/pacing/route.ts,141,channel_knobs,False,from-candidato
app/api/v1/ai/pacing/route.ts,169,channel_knobs,False,from-candidato
app/api/v1/ai/pacing/route.ts,190,channel_sessions,False,from-candidato
app/api/v1/ai/pacing/route.ts,209,channel_knobs,False,from-candidato
app/api/v1/ai/providers/[provider]/models/route.ts,45,ai_models,False,from-candidato
app/api/v1/ai/providers/route.ts,60,ai_purpose_bindings,False,from-candidato
app/api/v1/ai/providers/route.ts,64,ai_provider_credentials,False,from-candidato
app/api/v1/ai/providers/route.ts,69,ai_models,False,from-candidato
app/api/v1/ai/providers/route.ts,76,organizations,False,from-candidato
app/api/v1/ai/providers/route.ts,78,ai_agents,False,from-candidato
app/api/v1/ai/providers/route.ts,247,ai_models,False,from-candidato
app/api/v1/ai/providers/route.ts,279,ai_provider_credentials,False,from-candidato
app/api/v1/ai/providers/route.ts,296,ai_purpose_bindings,False,from-candidato
app/api/v1/ai/providers/route.ts,387,ai_models,False,from-candidato
app/api/v1/ai/providers/route.ts,411,ai_models,False,from-candidato
app/api/v1/ai/providers/route.ts,454,organizations,False,from-candidato
app/api/v1/ai/providers/route.ts,466,organizations,False,from-candidato
app/api/v1/ai/routers/[id]/members/route.ts,68,ai_routers,False,from-candidato
app/api/v1/ai/routers/[id]/members/route.ts,83,ai_router_members,False,from-candidato
app/api/v1/ai/routers/[id]/members/route.ts,102,ai_router_members,False,from-candidato
app/api/v1/ai/routers/[id]/route.ts,55,ai_routers,False,from-candidato
app/api/v1/ai/routers/[id]/route.ts,68,ai_router_members,False,from-candidato
app/api/v1/ai/routers/[id]/route.ts,118,ai_routers,False,from-candidato
app/api/v1/ai/routers/[id]/route.ts,144,ai_routers,False,from-candidato
app/api/v1/ai/routers/[id]/route.ts,190,ai_routers,False,from-candidato
app/api/v1/ai/routers/[id]/route.ts,203,ai_routers,False,from-candidato
app/api/v1/ai/routers/[id]/test/route.ts,74,ai_routers,False,from-candidato
app/api/v1/ai/routers/[id]/test/route.ts,119,ai_agents,False,from-candidato
app/api/v1/ai/routers/route.ts,46,ai_routers,False,from-candidato
app/api/v1/ai/routers/route.ts,55,ai_router_members,False,from-candidato
app/api/v1/ai/routers/route.ts,115,channel_sessions,False,from-candidato
app/api/v1/ai/routers/route.ts,133,ai_routers,False,from-candidato
app/api/v1/ai/runs/route.ts,97,llm_calls,False,from-candidato
app/api/v1/ai/skills/[name]/install/route.ts,54,skill_pointers,False,from-candidato
app/api/v1/ai/skills/[name]/route.ts,49,skill_pointers,False,from-candidato
app/api/v1/ai/skills/route.ts,49,skill_pointers,False,from-candidato
app/api/v1/ai/skills/route.ts,57,skill_pointers,False,from-candidato
app/api/v1/ai/skills/route.ts,71,skill_versions,False,from-candidato
app/api/v1/ai/usage/route.ts,96,llm_calls,False,from-candidato
app/api/v1/ai/usage/route.ts,131,messages,False,from-candidato
app/api/v1/ai/usage/route.ts,150,event_log,False,from-candidato
app/api/v1/anuncios/google/[org]/route.ts,103,organizations,False,from-candidato
app/api/v1/attendants/availability/[user_id]/route.ts,82,user_organizations,False,from-candidato
app/api/v1/attendants/availability/[user_id]/route.ts,114,attendant_availability,False,from-candidato
app/api/v1/attendants/availability/route.ts,60,attendant_availability,False,from-candidato
app/api/v1/attendants/presence/route.ts,97,attendant_availability,False,from-candidato
app/api/v1/attendants/presence/route.ts,105,attendant_availability,False,from-candidato
app/api/v1/audit/export/route.ts,60,api_audit_log,False,from-candidato
app/api/v1/audit/route.ts,42,api_audit_log,False,from-candidato
app/api/v1/automation-rules/[id]/route.ts,52,automation_rules,False,from-candidato
app/api/v1/automation-rules/[id]/route.ts,84,automation_rules,False,from-candidato
app/api/v1/automation-rules/[id]/route.ts,119,automation_rules,False,from-candidato
app/api/v1/automation-rules/[id]/route.ts,127,automation_rules,False,from-candidato
app/api/v1/automation-rules/[id]/runs/route.ts,32,automation_rule_runs,False,from-candidato
app/api/v1/automation-rules/route.ts,29,automation_rules,False,from-candidato
app/api/v1/automation-rules/route.ts,74,automation_rules,False,from-candidato
app/api/v1/automation-rules/runs/[runId]/resend/route.ts,47,automation_rule_runs,False,from-candidato
app/api/v1/automation-rules/runs/[runId]/resend/route.ts,60,automation_rules,False,from-candidato
app/api/v1/automation-rules/runs/[runId]/resend/route.ts,69,event_log,False,from-candidato
app/api/v1/automation-rules/runs/[runId]/resend/route.ts,134,automation_rule_runs,False,from-candidato
app/api/v1/automation-rules/runs/route.ts,28,automation_rule_runs,False,from-candidato
app/api/v1/channel-sessions/[id]/ai-access/route.ts,24,channel_sessions,False,from-candidato
app/api/v1/channel-sessions/[id]/qr/route.ts,48,channel_sessions,False,from-candidato
app/api/v1/channel-sessions/[id]/reconnect/route.ts,86,channel_sessions,False,from-candidato
app/api/v1/channel-sessions/[id]/reconnect/route.ts,176,channel_sessions,False,from-candidato
app/api/v1/channel-sessions/[id]/reconnect/route.ts,193,channel_sessions,False,from-candidato
app/api/v1/channel-sessions/[id]/route.ts,115,<dinamico-ou-expressao>,False,from-candidato
app/api/v1/channel-sessions/[id]/route.ts,165,channel_sessions,False,from-candidato
app/api/v1/channel-sessions/[id]/route.ts,220,channel_sessions,False,from-candidato
app/api/v1/channel-sessions/[id]/route.ts,321,channel_sessions,False,from-candidato
app/api/v1/channel-sessions/[id]/route.ts,354,channel_sessions,False,from-candidato
app/api/v1/channel-sessions/[id]/route.ts,368,channel_sessions,False,from-candidato
app/api/v1/channel-sessions/[id]/route.ts,375,channel_sessions,False,from-candidato
app/api/v1/channel-sessions/route.ts,41,channel_sessions,False,from-candidato
app/api/v1/channels/official/route.ts,73,channel_sessions,False,from-candidato
app/api/v1/channels/official/route.ts,132,channel_sessions,False,from-candidato
app/api/v1/channels/official/route.ts,237,channel_sessions,False,from-candidato
app/api/v1/channels/official/route.ts,302,channel_sessions,False,from-candidato
app/api/v1/channels/official/webhook/route.ts,48,channel_sessions,False,from-candidato
app/api/v1/channels/partner/templates/media/route.ts,107,whatsapp-media,False,Storage
app/api/v1/channels/partner/templates/media/route.ts,115,whatsapp-media,False,Storage
app/api/v1/channels/partner/templates/route.ts,82,channel_sessions,False,from-candidato
app/api/v1/channels/partner/templates/route.ts,113,meta_templates,False,from-candidato
app/api/v1/channels/partner/templates/route.ts,208,meta_templates,False,from-candidato
app/api/v1/channels/templates/route.ts,94,meta_templates,False,from-candidato
app/api/v1/contact-tags/route.ts,50,contacts,False,from-candidato
app/api/v1/contacts/[id]/avatar/route.ts,64,contacts,False,from-candidato
app/api/v1/contacts/[id]/avatar/route.ts,78,whatsapp-media,False,Storage
app/api/v1/contacts/[id]/crm-summary/route.ts,89,contacts,False,from-candidato
app/api/v1/contacts/[id]/crm-summary/route.ts,95,crm_leads,False,from-candidato
app/api/v1/contacts/[id]/crm-summary/route.ts,103,orders,False,from-candidato
app/api/v1/contacts/[id]/crm-summary/route.ts,114,crm_lead_activities,False,from-candidato
app/api/v1/contacts/[id]/crm-summary/route.ts,124,demandas,False,from-candidato
app/api/v1/contacts/[id]/crm-summary/route.ts,130,lead_notes,False,from-candidato
app/api/v1/contacts/[id]/crm-summary/route.ts,131,demandas,False,from-candidato
app/api/v1/contacts/[id]/proposals/[proposal_id]/route.ts,80,contact_field_proposals,False,from-candidato
app/api/v1/contacts/[id]/proposals/[proposal_id]/route.ts,100,contact_field_proposals,False,from-candidato
app/api/v1/contacts/[id]/proposals/route.ts,46,contact_field_proposals,False,from-candidato
app/api/v1/contacts/[id]/timeline/route.ts,72,contacts,False,from-candidato
app/api/v1/contacts/[id]/timeline/route.ts,81,crm_leads,False,from-candidato
app/api/v1/contacts/[id]/timeline/route.ts,94,crm_lead_activities,False,from-candidato
app/api/v1/contacts/_handler.ts,100,contacts,False,from-candidato
app/api/v1/contacts/_handler.ts,236,conversations,False,from-candidato
app/api/v1/contacts/_handler.ts,290,contacts,False,from-candidato
app/api/v1/contacts/_handler.ts,315,user_organizations,False,from-candidato
app/api/v1/contacts/_handler.ts,404,contacts,False,from-candidato
app/api/v1/contacts/_handler.ts,491,contacts,False,from-candidato
app/api/v1/contacts/_handler.ts,590,contacts,False,from-candidato
app/api/v1/contacts/_handler.ts,738,contacts,False,from-candidato
app/api/v1/contacts/_handler.ts,767,<dinamico-ou-expressao>,False,from-candidato
app/api/v1/contacts/_handler.ts,813,messages,False,from-candidato
app/api/v1/contacts/_handler.ts,821,conversations,False,from-candidato
app/api/v1/contacts/_handler.ts,829,contacts,False,from-candidato
app/api/v1/contacts/duplicates/route.ts,56,contacts,False,from-candidato
app/api/v1/contacts/import/route.ts,199,contacts,False,from-candidato
app/api/v1/contacts/import/route.ts,212,contacts,False,from-candidato
app/api/v1/contacts/import/route.ts,259,contacts,False,from-candidato
app/api/v1/conversation-tags/route.ts,27,organizations,False,from-candidato
app/api/v1/conversations/[id]/close/route.ts,44,conversations,False,from-candidato
app/api/v1/conversations/[id]/draft-reply/route.ts,23,conversations,False,from-candidato
app/api/v1/conversations/[id]/media/route.ts,58,conversations,False,from-candidato
app/api/v1/conversations/[id]/media/route.ts,102,whatsapp-media,False,Storage
app/api/v1/conversations/[id]/notes/[noteId]/route.ts,38,conversation_notes,False,from-candidato
app/api/v1/conversations/[id]/notes/[noteId]/route.ts,51,conversation_notes,False,from-candidato
app/api/v1/conversations/[id]/notes/route.ts,38,conversations,False,from-candidato
app/api/v1/conversations/[id]/notes/route.ts,46,conversation_notes,False,from-candidato
app/api/v1/conversations/[id]/notes/route.ts,68,conversations,False,from-candidato
app/api/v1/conversations/[id]/notes/route.ts,85,conversation_notes,False,from-candidato
app/api/v1/conversations/[id]/notes/route.ts,124,user_organizations,False,from-candidato
app/api/v1/conversations/[id]/passagens/route.ts,84,conversations,False,from-candidato
app/api/v1/conversations/[id]/passagens/route.ts,92,passagens_de_atendimento,False,from-candidato
app/api/v1/conversations/[id]/pause-ai/route.ts,73,conversations,False,from-candidato
app/api/v1/conversations/[id]/pause-ai/route.ts,129,conversations,False,from-candidato
app/api/v1/conversations/[id]/retention/route.ts,46,conversations,False,from-candidato
app/api/v1/conversations/[id]/retention/route.ts,60,before_send_traces,False,from-candidato
app/api/v1/conversations/[id]/retention/route.ts,75,channel_knobs,False,from-candidato
app/api/v1/conversations/[id]/snooze/route.ts,58,conversations,False,from-candidato
app/api/v1/conversations/[id]/snooze/route.ts,92,conversations,False,from-candidato
app/api/v1/conversations/[id]/transfer/route.ts,66,user_organizations,False,from-candidato
app/api/v1/conversations/[id]/usable-for-rag/route.ts,61,conversations,False,from-candidato
app/api/v1/conversations/[id]/usable-for-rag/route.ts,85,conversations,False,from-candidato
app/api/v1/conversations/_handler.ts,175,conversations,False,from-candidato
app/api/v1/conversations/_handler.ts,317,contacts,False,from-candidato
app/api/v1/conversations/_handler.ts,410,conversations,False,from-candidato
app/api/v1/conversations/_handler.ts,490,conversations,False,from-candidato
app/api/v1/conversations/_handler.ts,491,conversations,False,from-candidato
app/api/v1/conversations/_handler.ts,558,conversations,False,from-candidato
app/api/v1/conversations/counts/route.ts,104,conversations,False,from-candidato
app/api/v1/cron/agenda-expira-pendentes/route.ts,79,calendar_appointments,False,from-candidato
app/api/v1/cron/agenda-expira-pendentes/route.ts,98,organizations,False,from-candidato
app/api/v1/cron/agenda-expira-pendentes/route.ts,134,calendar_appointments,False,from-candidato
app/api/v1/cron/agenda-google-refresh/route.ts,94,calendar_connections,False,from-candidato
app/api/v1/cron/agenda-google-refresh/route.ts,165,calendar_connections,False,from-candidato
app/api/v1/cron/agenda-google-refresh/route.ts,201,calendar_connections,False,from-candidato
app/api/v1/cron/agenda-google-sync/route.ts,20,calendar_connections,False,from-candidato
app/api/v1/cron/agenda-google-sync/route.ts,41,calendar_connection_calendars,False,from-candidato
app/api/v1/cron/agenda-google-sync/route.ts,55,calendar_connection_calendars,False,from-candidato
app/api/v1/cron/agenda-google-sync/route.ts,67,calendar_google_reconcilable_appointments,False,from-candidato
app/api/v1/cron/agenda-google-sync/route.ts,78,calendar_connection_calendars,False,from-candidato
app/api/v1/cron/agenda-google-sync/route.ts,94,calendar_connections,False,from-candidato
app/api/v1/cron/agenda-google-sync/route.ts,105,calendar_connections,False,from-candidato
app/api/v1/cron/agenda-reminder/route.ts,269,calendar_appointments,False,from-candidato
app/api/v1/cron/agenda-reminder/route.ts,328,contacts,False,from-candidato
app/api/v1/cron/agenda-reminder/route.ts,348,channel_sessions,False,from-candidato
app/api/v1/cron/agenda-reminder/route.ts,367,organizations,False,from-candidato
app/api/v1/cron/agenda-reminder/route.ts,375,message_templates,False,from-candidato
app/api/v1/cron/agenda-reminder/route.ts,420,calendar_appointments,False,from-candidato
app/api/v1/cron/canal-mudo-watcher/route.ts,84,agent_inbox_items,False,from-candidato
app/api/v1/cron/canal-mudo-watcher/route.ts,104,channel_sessions,False,from-candidato
app/api/v1/cron/canal-mudo-watcher/route.ts,123,agent_inbox_items,False,from-candidato
app/api/v1/cron/canal-mudo-watcher/route.ts,149,agent_inbox_items,False,from-candidato
app/api/v1/cron/case-stale-watcher/route.ts,122,agent_cases,False,from-candidato
app/api/v1/cron/case-stale-watcher/route.ts,147,agent_inbox_items,False,from-candidato
app/api/v1/cron/case-stale-watcher/route.ts,160,agent_inbox_items,False,from-candidato
app/api/v1/cron/case-stale-watcher/route.ts,193,agent_cases,False,from-candidato
app/api/v1/cron/case-stale-watcher/route.ts,265,organizations,False,from-candidato
app/api/v1/cron/case-stale-watcher/route.ts,313,passagens_de_atendimento,False,from-candidato
app/api/v1/cron/case-stale-watcher/route.ts,356,agent_inbox_items,False,from-candidato
app/api/v1/cron/case-stale-watcher/route.ts,369,agent_inbox_items,False,from-candidato
app/api/v1/cron/case-stale-watcher/route.ts,375,agent_inbox_items,False,from-candidato
app/api/v1/cron/case-stale-watcher/route.ts,399,passagens_de_atendimento,False,from-candidato
app/api/v1/cron/channel-health/route.ts,90,channel_sessions,False,from-candidato
app/api/v1/cron/channel-health/route.ts,152,channel_sessions,False,from-candidato
app/api/v1/cron/contact-avatars/route.ts,93,contacts,False,from-candidato
app/api/v1/cron/contact-avatars/route.ts,126,contacts,False,from-candidato
app/api/v1/cron/contact-avatars/route.ts,146,channel_sessions,False,from-candidato
app/api/v1/cron/contact-avatars/route.ts,209,whatsapp-media,False,Storage
app/api/v1/cron/contact-avatars/route.ts,224,storage_redaction_queue,False,from-candidato
app/api/v1/cron/contact-birthdays/route.ts,94,automation_rules,False,from-candidato
app/api/v1/cron/contact-birthdays/route.ts,113,organizations,False,from-candidato
app/api/v1/cron/contact-birthdays/route.ts,142,contacts,False,from-candidato
app/api/v1/cron/contact-birthdays/route.ts,173,event_log,False,from-candidato
app/api/v1/cron/contact-phones/route.ts,87,contacts,False,from-candidato
app/api/v1/cron/contact-phones/route.ts,111,contacts,False,from-candidato
app/api/v1/cron/contact-phones/route.ts,140,conversations,False,from-candidato
app/api/v1/cron/contact-proposals-watcher/route.ts,52,contact_field_proposals,False,from-candidato
app/api/v1/cron/followup-flow-worker/route.ts,47,job_queue,False,from-candidato
app/api/v1/cron/followup-sem-agente/route.ts,99,followup_flow_pointers,False,from-candidato
app/api/v1/cron/followup-sem-agente/route.ts,154,agent_inbox_items,False,from-candidato
app/api/v1/cron/followup-sem-agente/route.ts,166,agent_inbox_items,False,from-candidato
app/api/v1/cron/followup-sem-agente/route.ts,187,agent_inbox_items,False,from-candidato
app/api/v1/cron/handoff-devolucao/route.ts,72,organizations,False,from-candidato
app/api/v1/cron/handoff-devolucao/route.ts,103,ai_agents,False,from-candidato
app/api/v1/cron/handoff-devolucao/route.ts,121,ai_routers,False,from-candidato
app/api/v1/cron/handoff-devolucao/route.ts,142,conversations,False,from-candidato
app/api/v1/cron/kb-conversations-batch/route.ts,53,ai_agents,False,from-candidato
app/api/v1/cron/lead-date-field-due/route.ts,97,automation_rules,False,from-candidato
app/api/v1/cron/lead-date-field-due/route.ts,120,organizations,False,from-candidato
app/api/v1/cron/lead-date-field-due/route.ts,164,crm_leads,False,from-candidato
app/api/v1/cron/lead-date-field-due/route.ts,209,event_log,False,from-candidato
app/api/v1/cron/lgpd-sla-watcher/route.ts,70,lgpd_requests,False,from-candidato
app/api/v1/cron/recover-stuck-messages/route.ts,88,messages,False,from-candidato
app/api/v1/cron/recover-stuck-messages/route.ts,112,messages,False,from-candidato
app/api/v1/cron/recover-stuck-messages/route.ts,179,agent_inbox_items,False,from-candidato
app/api/v1/cron/risk-watcher/route.ts,62,crm_leads,False,from-candidato
app/api/v1/cron/snooze-watcher/route.ts,55,conversations,False,from-candidato
app/api/v1/cron/snooze-watcher/route.ts,87,conversations,False,from-candidato
app/api/v1/cron/snooze-watcher/route.ts,96,agent_inbox_items,False,from-candidato
app/api/v1/cron/sync-model-catalog/route.ts,78,ai_models,False,from-candidato
app/api/v1/cron/sync-model-catalog/route.ts,88,ai_models,False,from-candidato
app/api/v1/cron/sync-model-catalog/route.ts,97,ai_models,False,from-candidato
app/api/v1/demandas/[id]/route.ts,106,demandas,False,from-candidato
app/api/v1/integrations/nuvemshop/callback/route.ts,107,tenant_integrations,False,from-candidato
app/api/v1/integrations/nuvemshop/callback/route.ts,149,tenant_integrations,False,from-candidato
app/api/v1/lead-captures/route.ts,54,webhook_lead_captures,False,from-candidato
app/api/v1/leads/[id]/clone/route.ts,83,crm_leads,False,from-candidato
app/api/v1/leads/[id]/clone/route.ts,97,crm_pipelines,False,from-candidato
app/api/v1/leads/[id]/clone/route.ts,127,crm_pipelines,False,from-candidato
app/api/v1/leads/[id]/clone/route.ts,146,crm_stages,False,from-candidato
app/api/v1/leads/[id]/clone/route.ts,179,crm_stages,False,from-candidato
app/api/v1/leads/[id]/clone/route.ts,270,crm_leads,False,from-candidato
app/api/v1/leads/[id]/move/route.ts,63,crm_leads,False,from-candidato
app/api/v1/leads/[id]/move/route.ts,78,crm_stages,False,from-candidato
app/api/v1/leads/[id]/move/route.ts,116,crm_leads,False,from-candidato
app/api/v1/leads/[id]/move/route.ts,141,crm_leads,False,from-candidato
app/api/v1/leads/[id]/move/route.ts,161,crm_stages,False,from-candidato
app/api/v1/leads/[id]/move/route.ts,200,crm_leads,False,from-candidato
app/api/v1/leads/[id]/next-action/route.ts,71,crm_leads,False,from-candidato
app/api/v1/leads/[id]/next-action/route.ts,94,lead_state,False,from-candidato
app/api/v1/leads/[id]/next-action/route.ts,141,lead_state,False,from-candidato
app/api/v1/leads/[id]/reactivation/route.ts,66,crm_lead_reactivations,False,from-candidato
app/api/v1/leads/[id]/reactivation/route.ts,85,crm_lead_reactivations,False,from-candidato
app/api/v1/leads/[id]/reactivation/route.ts,104,crm_leads,False,from-candidato
app/api/v1/leads/[id]/reactivation/route.ts,126,cron_jobs,False,from-candidato
app/api/v1/leads/[id]/reactivation/route.ts,136,cron_jobs,False,from-candidato
app/api/v1/leads/[id]/timeline/route.ts,83,crm_leads,False,from-candidato
app/api/v1/leads/[id]/timeline/route.ts,93,crm_lead_activities,False,from-candidato
app/api/v1/leads/_handler.ts,59,ai_agents,False,from-candidato
app/api/v1/leads/_handler.ts,167,crm_leads,False,from-candidato
app/api/v1/leads/_handler.ts,227,crm_leads,False,from-candidato
app/api/v1/leads/_handler.ts,265,crm_stages,False,from-candidato
app/api/v1/leads/_handler.ts,294,crm_leads,False,from-candidato
app/api/v1/leads/_handler.ts,327,crm_leads,False,from-candidato
app/api/v1/leads/_handler.ts,420,crm_leads,False,from-candidato
app/api/v1/leads/_handler.ts,473,crm_leads,False,from-candidato
app/api/v1/leads/_handler.ts,591,crm_leads,False,from-candidato
app/api/v1/leads/_handler.ts,640,crm_leads,False,from-candidato
app/api/v1/leads/_handler.ts,659,crm_stages,False,from-candidato
app/api/v1/leads/_handler.ts,688,crm_leads,False,from-candidato
app/api/v1/leads/_handler.ts,715,crm_leads,False,from-candidato
app/api/v1/leads/_handler.ts,776,crm_stages,False,from-candidato
app/api/v1/leads/_handler.ts,808,crm_lead_activities,False,from-candidato
app/api/v1/leads/_handler.ts,898,crm_leads,False,from-candidato
app/api/v1/leads/bulk/route.ts,99,user_organizations,False,from-candidato
app/api/v1/leads/bulk/route.ts,126,crm_leads,False,from-candidato
app/api/v1/leads/bulk/route.ts,158,crm_stages,False,from-candidato
app/api/v1/leads/bulk/route.ts,246,crm_stages,False,from-candidato
app/api/v1/leads/bulk/route.ts,333,crm_leads,False,from-candidato
app/api/v1/leads/bulk/route.ts,352,crm_leads,False,from-candidato
app/api/v1/leads/bulk/route.ts,381,crm_leads,False,from-candidato
app/api/v1/leads/import/route.ts,159,crm_stages,False,from-candidato
app/api/v1/leads/import/route.ts,199,contacts,False,from-candidato
app/api/v1/leads/import/route.ts,210,contacts,False,from-candidato
app/api/v1/leads/proposals/route.ts,77,lead_state,False,from-candidato
app/api/v1/leads/proposals/route.ts,82,crm_leads,False,from-candidato
app/api/v1/leads/proposals/route.ts,106,crm_leads,False,from-candidato
app/api/v1/leads/proposals/route.ts,141,crm_lead_activities,False,from-candidato
app/api/v1/leads/reactivations/route.ts,38,crm_lead_reactivations,False,from-candidato
app/api/v1/lgpd/anonymize/route.ts,68,contacts,False,from-candidato
app/api/v1/lgpd/requests/[id]/approve/route.ts,87,idempotency_keys,False,from-candidato
app/api/v1/lgpd/requests/[id]/approve/route.ts,109,lgpd_requests,False,from-candidato
app/api/v1/lgpd/requests/[id]/approve/route.ts,167,lgpd_requests,False,from-candidato
app/api/v1/lgpd/requests/[id]/approve/route.ts,196,idempotency_keys,False,from-candidato
app/api/v1/lgpd/requests/[id]/preview/route.ts,48,lgpd_requests,False,from-candidato
app/api/v1/lgpd/requests/[id]/route.ts,41,lgpd_requests,False,from-candidato
app/api/v1/lgpd/requests/[id]/route.ts,58,api_audit_log,False,from-candidato
app/api/v1/lgpd/requests/[id]/route.ts,83,lgpd-exports,False,Storage
app/api/v1/lgpd/requests/route.ts,80,lgpd_requests,False,from-candidato
app/api/v1/lgpd/requests/route.ts,90,lgpd_requests,False,from-candidato
app/api/v1/marca/logo/route.ts,194,platform_branding,False,from-candidato
app/api/v1/marca/logo/route.ts,201,organizations,False,from-candidato
app/api/v1/marca/logo/route.ts,225,platform_branding,False,from-candidato
app/api/v1/marca/logo/route.ts,306,<dinamico-ou-expressao>,False,Storage
app/api/v1/marca/logo/route.ts,427,<dinamico-ou-expressao>,False,Storage
app/api/v1/marca/logo/route.ts,439,<dinamico-ou-expressao>,False,Storage
app/api/v1/message-templates/[id]/route.ts,49,message_templates,False,from-candidato
app/api/v1/message-templates/[id]/route.ts,85,message_templates,False,from-candidato
app/api/v1/message-templates/route.ts,37,message_templates,False,from-candidato
app/api/v1/message-templates/route.ts,87,message_templates,False,from-candidato
app/api/v1/messages/[id]/media/route.ts,56,messages,False,from-candidato
app/api/v1/messages/[id]/media/route.ts,71,whatsapp-media,False,Storage
app/api/v1/messages/[id]/media/route.ts,97,channel_sessions,False,from-candidato
app/api/v1/messages/_handler.ts,109,messages,False,from-candidato
app/api/v1/messages/_handler.ts,271,messages,False,from-candidato
app/api/v1/messages/_handler.ts,396,conversations,False,from-candidato
app/api/v1/messages/_handler.ts,403,conversations,False,from-candidato
app/api/v1/messages/_handler.ts,481,contacts,False,from-candidato
app/api/v1/messages/_handler.ts,582,messages,False,from-candidato
app/api/v1/messages/_handler.ts,628,messages,False,from-candidato
app/api/v1/messages/_handler.ts,635,messages,False,from-candidato
app/api/v1/messages/_handler.ts,683,messages,False,from-candidato
app/api/v1/messages/_handler.ts,704,messages,False,from-candidato
app/api/v1/messages/_handler.ts,716,messages,False,from-candidato
app/api/v1/messages/_handler.ts,726,messages,False,from-candidato
app/api/v1/messages/_handler.ts,738,messages,False,from-candidato
app/api/v1/messages/_handler.ts,828,whatsapp-media,False,Storage
app/api/v1/messages/_handler.ts,916,messages,False,from-candidato
app/api/v1/messages/_handler.ts,954,messages,False,from-candidato
app/api/v1/messages/_handler.ts,966,messages,False,from-candidato
app/api/v1/messages/_handler.ts,1011,conversations,False,from-candidato
app/api/v1/messages/_handler.ts,1024,contacts,False,from-candidato
app/api/v1/metrics/atrito/route.ts,136,organizations,False,from-candidato
app/api/v1/metrics/atrito/route.ts,226,organizations,False,from-candidato
app/api/v1/metrics/atrito/route.ts,242,organizations,False,from-candidato
app/api/v1/notifications/push/route.ts,66,<dinamico-ou-expressao>,False,from-candidato
app/api/v1/notifications/push/route.ts,119,<dinamico-ou-expressao>,False,from-candidato
app/api/v1/onboarding/whatsapp/session/route.ts,23,channel_sessions,False,from-candidato
app/api/v1/pipelines/[id]/agent-mapping/route.ts,103,crm_pipelines,False,from-candidato
app/api/v1/pipelines/[id]/agent-mapping/route.ts,112,crm_stages,False,from-candidato
app/api/v1/pipelines/[id]/agent-mapping/route.ts,241,crm_stages,False,from-candidato
app/api/v1/pipelines/[id]/board/route.ts,65,ai_agents,False,from-candidato
app/api/v1/pipelines/[id]/board/route.ts,83,ai_agent_versions,False,from-candidato
app/api/v1/pipelines/[id]/board/route.ts,142,agent_inbox_items,False,from-candidato
app/api/v1/pipelines/[id]/board/route.ts,169,agent_inbox_items,False,from-candidato
app/api/v1/pipelines/[id]/board/route.ts,191,crm_lead_scores,False,from-candidato
app/api/v1/pipelines/[id]/board/route.ts,263,conversations,False,from-candidato
app/api/v1/pipelines/[id]/board/route.ts,335,contacts,False,from-candidato
app/api/v1/pipelines/[id]/board/route.ts,371,lead_state,False,from-candidato
app/api/v1/pipelines/[id]/board/route.ts,377,crm_leads,False,from-candidato
app/api/v1/pipelines/[id]/board/route.ts,434,crm_pipelines,False,from-candidato
app/api/v1/pipelines/[id]/board/route.ts,436,crm_stages,False,from-candidato
app/api/v1/pipelines/[id]/board/route.ts,442,crm_leads,False,from-candidato
app/api/v1/pipelines/[id]/board/route.ts,464,crm_pipelines,False,from-candidato
app/api/v1/pipelines/[id]/route.ts,260,crm_pipelines,False,from-candidato
app/api/v1/pipelines/[id]/route.ts,343,crm_pipelines,False,from-candidato
app/api/v1/pipelines/[id]/route.ts,345,crm_pipelines,False,from-candidato
app/api/v1/pipelines/_funis.ts,43,crm_pipelines,False,from-candidato
app/api/v1/pipelines/_funis.ts,72,crm_leads,False,from-candidato
app/api/v1/pipelines/_funis.ts,79,webhook_sources,False,from-candidato
app/api/v1/pipelines/_funis.ts,86,automation_rules,False,from-candidato
app/api/v1/pipelines/_handler.ts,52,crm_pipelines,False,from-candidato
app/api/v1/pipelines/default/route.ts,29,crm_pipelines,False,from-candidato
app/api/v1/pipelines/default/route.ts,45,crm_stages,False,from-candidato
app/api/v1/pipelines/route.ts,129,crm_pipelines,False,from-candidato
app/api/v1/pipelines/route.ts,142,crm_stages,False,from-candidato
app/api/v1/pipelines/route.ts,154,crm_pipelines,False,from-candidato
app/api/v1/plataformas-de-anuncio/google/callback/route.ts,87,ad_platform_connections,False,from-candidato
app/api/v1/products/[id]/route.ts,48,catalog_products,False,from-candidato
app/api/v1/products/[id]/route.ts,92,catalog_products,False,from-candidato
app/api/v1/products/import/route.ts,137,catalog_products,False,from-candidato
app/api/v1/products/import/route.ts,184,catalog_products,False,from-candidato
app/api/v1/products/import/route.ts,197,catalog_products,False,from-candidato
app/api/v1/products/route.ts,32,catalog_products,False,from-candidato
app/api/v1/products/route.ts,71,catalog_products,False,from-candidato
app/api/v1/reports/activities/route.ts,122,crm_pipelines,False,from-candidato
app/api/v1/reports/activities/route.ts,174,ai_agents,False,from-candidato
app/api/v1/settings/api-tokens/[id]/revoke/route.ts,34,api_tokens,False,from-candidato
app/api/v1/settings/api-tokens/[id]/revoke/route.ts,47,api_tokens,False,from-candidato
app/api/v1/settings/api-tokens/route.ts,33,api_tokens,False,from-candidato
app/api/v1/settings/api-tokens/route.ts,75,api_tokens,False,from-candidato
app/api/v1/settings/routing/route.ts,57,organizations,False,from-candidato
app/api/v1/settings/routing/route.ts,115,organizations,False,from-candidato
app/api/v1/settings/routing/route.ts,128,organizations,False,from-candidato
app/api/v1/system/agent/route.ts,94,system_update_runs,False,from-candidato
app/api/v1/system/agent/route.ts,139,system_version,False,from-candidato
app/api/v1/system/agent/route.ts,171,system_update_runs,False,from-candidato
app/api/v1/system/agent/route.ts,192,system_update_runs,False,from-candidato
app/api/v1/system/agent/route.ts,212,system_update_runs,False,from-candidato
app/api/v1/system/agent/route.ts,242,system_update_runs,False,from-candidato
app/api/v1/system/update/route.ts,36,system_version,False,from-candidato
app/api/v1/system/update/route.ts,57,system_update_runs,False,from-candidato
app/api/v1/system/update/route.ts,79,system_update_runs,False,from-candidato
app/api/v1/system/update/route.ts,97,system_update_runs,False,from-candidato
app/api/v1/system/version/route.ts,38,system_version,False,from-candidato
app/api/v1/system/version/route.ts,65,system_update_runs,False,from-candidato
app/api/v1/tags/cores/route.ts,49,organizations,False,from-candidato
app/api/v1/tasks/[id]/route.ts,76,crm_tasks,False,from-candidato
app/api/v1/tasks/[id]/route.ts,83,crm_tasks,False,from-candidato
app/api/v1/tasks/[id]/route.ts,144,crm_tasks,False,from-candidato
app/api/v1/tasks/route.ts,87,crm_tasks,False,from-candidato
app/api/v1/tasks/route.ts,131,crm_tasks,False,from-candidato
app/api/v1/team/[user_id]/_shared.ts,51,user_organizations,False,from-candidato
app/api/v1/team/[user_id]/_shared.ts,64,user_organizations,False,from-candidato
app/api/v1/team/[user_id]/_shared.ts,81,user_organizations,False,from-candidato
app/api/v1/team/[user_id]/interface/route.ts,26,user_organizations,False,from-candidato
app/api/v1/team/[user_id]/interface/route.ts,41,user_organizations,False,from-candidato
app/api/v1/team/[user_id]/reactivate/route.ts,65,user_organizations,False,from-candidato
app/api/v1/team/[user_id]/reactivate/route.ts,81,user_organizations,False,from-candidato
app/api/v1/team/[user_id]/revoke/route.ts,42,user_organizations,False,from-candidato
app/api/v1/team/[user_id]/revoke/route.ts,55,user_organizations,False,from-candidato
app/api/v1/team/[user_id]/revoke/route.ts,73,user_organizations,False,from-candidato
app/api/v1/team/assignable/route.ts,37,user_organizations,False,from-candidato
app/api/v1/team/invite/route.ts,80,user_organizations,False,from-candidato
app/api/v1/team/invites/[id]/resend/route.ts,48,team_invites,False,from-candidato
app/api/v1/team/invites/[id]/revoke/route.ts,44,team_invites,False,from-candidato
app/api/v1/team/invites/[id]/revoke/route.ts,60,team_invites,False,from-candidato
app/api/v1/team/invites/route.ts,35,team_invites,False,from-candidato
app/api/v1/team/route.ts,46,user_organizations,False,from-candidato
app/api/v1/voice/calls/[id]/accept/route.ts,69,voice_calls,False,from-candidato
app/api/v1/voice/calls/history/route.ts,36,voice_calls,False,from-candidato
app/api/v1/voice/calls/route.ts,83,contacts,False,from-candidato
app/api/v1/voice/calls/route.ts,134,voice_calls,False,from-candidato
app/api/v1/voice/calls/route.ts,169,voice_calls,False,from-candidato
app/api/v1/voice/opt-in/route.ts,187,org_voice_calls,False,from-candidato
app/api/v1/voice/sessions/pair/route.ts,152,channel_sessions,False,from-candidato
app/api/v1/voice/sessions/pair/route.ts,203,channel_sessions,False,from-candidato
app/api/v1/voice/sessions/pair/route.ts,207,channel_sessions,False,from-candidato
app/api/v1/voice/sessions/pair/route.ts,235,channel_sessions,False,from-candidato
app/api/v1/voice/sessions/pair/route.ts,253,channel_sessions,False,from-candidato
app/api/v1/voice/sessions/status/route.ts,24,channel_sessions,False,from-candidato
app/api/v1/webhook-sources/[id]/events/route.ts,29,webhook_sources,False,from-candidato
app/api/v1/webhook-sources/[id]/events/route.ts,38,webhook_events_log,False,from-candidato
app/api/v1/webhook-sources/[id]/route.ts,52,webhook_sources,False,from-candidato
app/api/v1/webhook-sources/[id]/route.ts,89,webhook_sources,False,from-candidato
app/api/v1/webhook-sources/[id]/route.ts,124,webhook_sources,False,from-candidato
app/api/v1/webhook-sources/[id]/route.ts,132,webhook_sources,False,from-candidato
app/api/v1/webhooks/channel/[token]/route.ts,65,channel_sessions,False,from-candidato
app/api/v1/webhooks/channel/[token]/route.ts,71,channel_sessions,False,from-candidato
app/api/v1/webhooks/in/[token]/route.ts,88,webhook_sources,False,from-candidato
app/api/v1/webhooks/in/[token]/route.ts,161,webhook_events_log,False,from-candidato
app/api/v1/webhooks/in/[token]/route.ts,237,crm_leads,False,from-candidato
app/api/v1/webhooks/in/[token]/route.ts,373,contacts,False,from-candidato
app/api/v1/webhooks/in/[token]/route.ts,387,contacts,False,from-candidato
app/api/v1/webhooks/in/[token]/route.ts,459,contacts,False,from-candidato
app/api/v1/webhooks/in/[token]/route.ts,573,webhook_sources,False,from-candidato
app/api/v1/webhooks/meta/[token]/route.ts,154,meta_templates,False,from-candidato
app/api/v1/webhooks/meta/[token]/route.ts,162,messages,False,from-candidato
app/api/v1/webhooks/nuvemshop/[event]/route.ts,67,tenant_integrations,False,from-candidato
app/api/v1/webhooks/nuvemshop/[event]/route.ts,111,webhook_events_log,False,from-candidato
app/api/v1/webhooks/nuvemshop/[event]/route.ts,130,webhook_events_log,False,from-candidato
app/api/v1/webhooks/nuvemshop/customer-data-request/route.ts,105,tenant_integrations,False,from-candidato
app/api/v1/webhooks/nuvemshop/customer-data-request/route.ts,174,webhook_events_log,False,from-candidato
app/api/v1/webhooks/nuvemshop/customer-redact/route.ts,100,tenant_integrations,False,from-candidato
app/api/v1/webhooks/nuvemshop/customer-redact/route.ts,162,webhook_events_log,False,from-candidato
app/api/v1/webhooks/nuvemshop/store-redact/route.ts,101,tenant_integrations,False,from-candidato
app/api/v1/webhooks/nuvemshop/store-redact/route.ts,160,webhook_events_log,False,from-candidato
app/api/v1/webhooks/nuvemshop/store-redact/route.ts,191,contacts,False,from-candidato
app/api/v1/webhooks/waha/[token]/route.ts,89,channel_sessions,False,from-candidato
app/api/v1/webhooks/waha/[token]/route.ts,150,webhook_events_log,False,from-candidato
app/api/v1/webhooks/waha/route.ts,86,channel_sessions,False,from-candidato
app/api/v1/webhooks/waha/route.ts,153,webhook_events_log,False,from-candidato
app/app/agenda/page.tsx,103,calendar_event_types,False,from-candidato
app/app/agenda/page.tsx,111,calendar_appointments,False,from-candidato
app/app/agenda/page.tsx,200,calendar_connections,False,from-candidato
app/app/ai/agents/[id]/_actions.ts,91,ai_agents,False,from-candidato
app/app/ai/agents/[id]/_actions.ts,154,ai_agents,False,from-candidato
app/app/ai/agents/[id]/_actions.ts,197,ai_agent_versions,False,from-candidato
app/app/ai/agents/[id]/_actions.ts,226,ai_agent_versions,False,from-candidato
app/app/ai/agents/[id]/_actions.ts,281,ai_agent_versions,False,from-candidato
app/app/ai/agents/[id]/_actions.ts,291,ai_agent_versions,False,from-candidato
app/app/ai/agents/[id]/_actions.ts,385,ai_agent_versions,False,from-candidato
app/app/ai/agents/[id]/_actions.ts,413,event_log,False,from-candidato
app/app/ai/agents/[id]/_actions.ts,483,ai_agents,False,from-candidato
app/app/ai/agents/[id]/_actions.ts,492,ai_agent_versions,False,from-candidato
app/app/ai/agents/[id]/_actions.ts,541,ai_agent_versions,False,from-candidato
app/app/ai/agents/[id]/_actions.ts,551,ai_agent_versions,False,from-candidato
app/app/ai/agents/[id]/_actions.ts,610,ai_agent_versions,False,from-candidato
app/app/ai/agents/[id]/_actions.ts,622,event_log,False,from-candidato
app/app/ai/agents/[id]/_actions.ts,692,ai_agents,False,from-candidato
app/app/ai/agents/[id]/_actions.ts,713,ai_agent_versions,False,from-candidato
app/app/ai/agents/[id]/_actions.ts,749,ai_agents,False,from-candidato
app/app/ai/agents/[id]/page.tsx,59,ai_agents,False,from-candidato
app/app/ai/agents/[id]/page.tsx,74,ai_agent_versions,False,from-candidato
app/app/ai/agents/[id]/page.tsx,80,ai_provider_credentials_safe,False,from-candidato
app/app/ai/agents/[id]/page.tsx,85,ai_router_members,False,from-candidato
app/app/ai/agents/[id]/page.tsx,95,crm_pipelines,False,from-candidato
app/app/ai/agents/[id]/page.tsx,104,ai_knowledge_sources,False,from-candidato
app/app/ai/agents/[id]/page.tsx,120,crm_stages,False,from-candidato
app/app/ai/agents/[id]/page.tsx,169,ai_knowledge_sources,False,from-candidato
app/app/ai/agents/_actions.ts,50,ai_agents,False,from-candidato
app/app/ai/agents/_actions.ts,66,ai_agents,False,from-candidato
app/app/ai/agents/_actions.ts,94,ai_agents,False,from-candidato
app/app/ai/agents/_actions.ts,110,ai_agents,False,from-candidato
app/app/ai/agents/_actions.ts,137,ai_agents,False,from-candidato
app/app/ai/agents/_actions.ts,166,ai_agents,False,from-candidato
app/app/ai/agents/_actions.ts,197,ai_agents,False,from-candidato
app/app/ai/agents/new/page.tsx,44,ai_provider_credentials_safe,False,from-candidato
app/app/ai/agents/page.tsx,33,ai_agents,False,from-candidato
app/app/ai/credentials/page.tsx,27,ai_provider_credentials_safe,False,from-candidato
app/app/ai/credentials/page.tsx,41,ai_agent_versions,False,from-candidato
app/app/ai/followups/[id]/page.tsx,32,followup_flow_pointers,False,from-candidato
app/app/ai/followups/[id]/page.tsx,38,followup_flow_versions,False,from-candidato
app/app/ai/followups/page.tsx,29,followup_flow_pointers,False,from-candidato
app/app/ai/knowledge/sources/page.tsx,52,ai_knowledge_sources,False,from-candidato
app/app/ai/knowledge/sources/page.tsx,60,ai_agents,False,from-candidato
app/app/ai/knowledge/sources/page.tsx,66,ai_provider_credentials_safe,False,from-candidato
app/app/ai/memory/page.tsx,25,org_memory_pointers,False,from-candidato
app/app/ai/memory/page.tsx,33,org_memory_versions,False,from-candidato
app/app/ai/memory/page.tsx,49,org_memory_versions,False,from-candidato
app/app/ai/memory/page.tsx,55,org_memory_entries,False,from-candidato
app/app/ai/routers/[id]/page.tsx,31,ai_routers,False,from-candidato
app/app/ai/routers/[id]/page.tsx,37,ai_router_members,False,from-candidato
app/app/ai/routers/[id]/page.tsx,43,ai_agents,False,from-candidato
app/app/ai/routers/page.tsx,27,ai_routers,False,from-candidato
app/app/ai/routers/page.tsx,31,ai_router_members,False,from-candidato
app/app/ai/skills/page.tsx,24,skill_pointers,False,from-candidato
app/app/ai/skills/page.tsx,25,skill_pointers,False,from-candidato
app/app/ai/skills/page.tsx,34,skill_versions,False,from-candidato
app/app/ai/usage/page.tsx,32,ai_agents,False,from-candidato
app/app/contacts/[id]/page.tsx,23,contacts,False,from-candidato
app/app/integrations/nuvemshop/page.tsx,38,tenant_integrations,False,from-candidato
app/app/kanban/page.tsx,40,crm_pipelines,False,from-candidato
app/app/layout.tsx,91,organizations,False,from-candidato
app/app/leads/[id]/page.tsx,42,crm_leads,False,from-candidato
app/app/pipelines/[id]/page.tsx,23,crm_pipelines,False,from-candidato
app/app/products/page.tsx,42,catalog_products,False,from-candidato
app/app/settings/atendimento/page.tsx,42,organizations,False,from-candidato
app/app/settings/marca/page.tsx,59,organizations,False,from-candidato
app/app/settings/security/page.tsx,28,organizations,False,from-candidato
app/app/settings/tenant/agenda/page.tsx,48,calendar_event_types,False,from-candidato
app/app/settings/tenant/agenda/page.tsx,56,user_organizations,False,from-candidato
app/app/settings/tenant/agenda/page.tsx,63,organizations,False,from-candidato
app/app/settings/tenant/page.tsx,37,organizations,False,from-candidato
app/app/settings/tenant/pipelines/page.tsx,36,crm_pipelines,False,from-candidato
app/onboarding/testar/page.tsx,30,ai_agents,False,from-candidato
lib/agenda/consulta.ts,188,calendar_event_types,False,from-candidato
lib/agenda/consulta.ts,239,attendant_availability,False,from-candidato
lib/agenda/consulta.ts,293,calendar_availability_exceptions,False,from-candidato
lib/agenda/consulta.ts,426,calendar_appointments,False,from-candidato
lib/agenda/consulta.ts,588,crm_lead_links,False,from-candidato
lib/agenda/consulta.ts,618,crm_leads,False,from-candidato
lib/agenda/consulta.ts,643,calendar_appointments,False,from-candidato
lib/agenda/consulta.ts,732,calendar_event_types,False,from-candidato
lib/agenda/consulta.ts,831,calendar_event_types,False,from-candidato
lib/agenda/donos-da-agenda.ts,43,user_organizations,False,from-candidato
lib/agenda/google/calendar-executor.ts,24,calendar_connections,False,from-candidato
lib/agenda/google/calendar-executor.ts,66,organizations,False,from-candidato
lib/agenda/google/calendar-executor.ts,81,calendar_appointments,False,from-candidato
lib/agenda/google/candidates.ts,5,calendar_google_reconcilable_appointments,False,from-candidato
lib/agenda/google/config.ts,128,platform_google_oauth,False,from-candidato
lib/agenda/google/membros.ts,30,user_organizations,False,from-candidato
lib/agenda/google/sync-executor.ts,88,contacts,False,from-candidato
lib/agenda/google/sync-executor.ts,109,calendar_connections,False,from-candidato
lib/agenda/google/sync-executor.ts,117,user_organizations,False,from-candidato
lib/agenda/protecao-followup.ts,83,calendar_appointments,False,from-candidato
lib/agenda/protecao-followup.ts,99,organizations,False,from-candidato
lib/agent-engine/agent/media-parts.ts,56,ai_models,False,from-candidato
lib/agent-engine/agent/media-parts.ts,92,whatsapp-media,False,Storage
lib/agent-engine/agent/skill-references.ts,72,<dinamico-ou-expressao>,False,Storage
lib/agent-engine/edge/crm/send-ledger.ts,140,send_ledger,False,from-candidato
lib/agent-engine/edge/crm/send-ledger.ts,155,send_ledger,False,from-candidato
lib/agent-engine/edge/crm/send-ledger.ts,166,send_ledger,False,from-candidato
lib/agent-engine/edge/crm/send-ledger.ts,185,messages,False,from-candidato
lib/agent-engine/edge/crm/send-ledger.ts,196,send_ledger,False,from-candidato
lib/agent-engine/pacing/ledger-supabase.ts,75,pacing_ledger,False,from-candidato
lib/agent-engine/pacing/ledger-supabase.ts,84,pacing_ledger,False,from-candidato
lib/agent-engine/pacing/ledger-supabase.ts,91,channel_knobs,False,from-candidato
lib/agent-engine/pacing/ledger-supabase.ts,140,pacing_ledger,False,from-candidato
lib/agent-engine/pacing/ledger-supabase.ts,224,channel_sessions,False,from-candidato
lib/ai/agents/duplicate.ts,99,ai_agent_versions,False,from-candidato
lib/ai/agents/duplicate.ts,110,ai_agent_versions,False,from-candidato
lib/ai/agents/duplicate.ts,127,ai_agents,False,from-candidato
lib/ai/agents/duplicate.ts,145,ai_agents,False,from-candidato
lib/ai/agents/duplicate.ts,178,ai_agent_versions,False,from-candidato
lib/ai/agents/duplicate.ts,193,ai_agents,False,from-candidato
lib/ai/agents/escopo.ts,44,crm_pipelines,False,from-candidato
lib/ai/agents/escopo.ts,59,ai_knowledge_sources,False,from-candidato
lib/ai/agents/first-publication.ts,120,organizations,False,from-candidato
lib/ai/agents/first-publication.ts,165,ai_provider_credentials,False,from-candidato
lib/ai/agents/first-publication.ts,188,ai_provider_credentials,False,from-candidato
lib/ai/agents/first-publication.ts,212,ai_models,False,from-candidato
lib/ai/agents/first-publication.ts,237,crm_pipelines,False,from-candidato
lib/ai/agents/first-publication.ts,265,ai_agent_versions,False,from-candidato
lib/ai/agents/first-publication.ts,292,ai_agent_versions,False,from-candidato
lib/ai/agents/first-publication.ts,312,ai_agents,False,from-candidato
lib/ai/agents/first-publication.ts,327,ai_agents,False,from-candidato
lib/ai/agents/operation.ts,42,ai_agents,False,from-candidato
lib/ai/agents/org-tem-automatico.ts,31,ai_agents,False,from-candidato
lib/ai/agents/publish.ts,40,ai_agent_versions,False,from-candidato
lib/ai/apply-proposal.ts,43,flywheel_distiller_proposals,False,from-candidato
lib/ai/apply-proposal.ts,62,org_memory_entries,False,from-candidato
lib/ai/apply-proposal.ts,78,flywheel_distiller_proposals,False,from-candidato
lib/ai/apply-proposal.ts,101,ai_agents,False,from-candidato
lib/ai/apply-proposal.ts,115,ai_agent_versions,False,from-candidato
lib/ai/apply-proposal.ts,125,ai_agent_versions,False,from-candidato
lib/ai/apply-proposal.ts,135,ai_agent_versions,False,from-candidato
lib/ai/apply-proposal.ts,179,flywheel_distiller_proposals,False,from-candidato
lib/ai/budget/check.ts,157,ai_budgets,False,from-candidato
lib/ai/budget/check.ts,160,agent_inbox_items,False,from-candidato
lib/ai/budget/check.ts,169,llm_calls,False,from-candidato
lib/ai/classifier-models.ts,46,ai_provider_credentials,False,from-candidato
lib/ai/classifier-models.ts,69,ai_models,False,from-candidato
lib/ai/cost.ts,29,ai_pricing,False,from-candidato
lib/ai/cost.ts,84,ai_models,False,from-candidato
lib/ai/credenciais/guardar.ts,89,ai_provider_credentials,False,from-candidato
lib/ai/credenciais/guardar.ts,186,ai_provider_credentials,False,from-candidato
lib/ai/credenciais/guardar.ts,235,ai_provider_credentials,False,from-candidato
lib/ai/credentials.ts,60,ai_provider_credentials,False,from-candidato
lib/ai/dispatcher/index.ts,121,event_log,False,from-candidato
lib/ai/dispatcher/index.ts,205,messages,False,from-candidato
lib/ai/dispatcher/index.ts,224,conversations,False,from-candidato
lib/ai/dispatcher/index.ts,262,ai_agent_runs,False,from-candidato
lib/ai/dispatcher/index.ts,300,ai_agent_runs,False,from-candidato
lib/ai/dispatcher/index.ts,349,organizations,False,from-candidato
lib/ai/dispatcher/index.ts,380,ai_agents,False,from-candidato
lib/ai/dispatcher/index.ts,414,event_log,False,from-candidato
lib/ai/dispatcher/index.ts,441,event_log,False,from-candidato
lib/ai/dispatcher/index.ts,469,event_log,False,from-candidato
lib/ai/dispatcher/index.ts,494,event_log,False,from-candidato
lib/ai/elegibilidade/autorizacao.ts,45,contacts,False,from-candidato
lib/ai/elegibilidade/autorizacao.ts,89,contacts,False,from-candidato
lib/ai/elegibilidade/consulta-pre-go-live.ts,20,channel_sessions,False,from-candidato
lib/ai/elegibilidade/consulta-supabase.ts,52,conversations,False,from-candidato
lib/ai/embeddings/chave.ts,204,ai_purpose_bindings,False,from-candidato
lib/ai/embeddings/chave.ts,230,ai_provider_credentials,False,from-candidato
lib/ai/embeddings/chave.ts,267,ai_provider_credentials,False,from-candidato
lib/ai/gateway-binding.ts,132,ai_purpose_bindings,False,from-candidato
lib/ai/gateway-binding.ts,225,organizations,False,from-candidato
lib/ai/gateway-binding.ts,268,organizations,False,from-candidato
lib/ai/gateway-binding.ts,278,ai_provider_credentials,False,from-candidato
lib/ai/gateway-binding.ts,321,ai_provider_credentials,False,from-candidato
lib/ai/handoff/orchestrator.ts,160,organizations,False,from-candidato
lib/ai/handoff/orchestrator.ts,191,conversations,False,from-candidato
lib/ai/handoff/orchestrator.ts,274,conversations,False,from-candidato
lib/ai/handoff/orchestrator.ts,301,crm_lead_activities,False,from-candidato
lib/ai/handoff/orchestrator.ts,382,api_audit_log,False,from-candidato
lib/ai/handoff/orchestrator.ts,473,agent_inbox_items,False,from-candidato
lib/ai/handoff/orchestrator.ts,486,agent_inbox_items,False,from-candidato
lib/ai/handoff/orchestrator.ts,490,agent_inbox_items,False,from-candidato
lib/ai/handoff/orchestrator.ts,538,lead_checkpoints,False,from-candidato
lib/ai/handoff/orchestrator.ts,566,messages,False,from-candidato
lib/ai/handoff/triggers.ts,57,crm_leads,False,from-candidato
lib/ai/inbox-destino.ts,154,<dinamico-ou-expressao>,False,from-candidato
lib/ai/inbox-destino.ts,164,crm_pipelines,False,from-candidato
lib/ai/knowledge/busca.ts,130,ai_agents,False,from-candidato
lib/ai/knowledge/busca.ts,142,ai_agent_versions,False,from-candidato
lib/ai/knowledge/busca.ts,157,ai_knowledge_sources,False,from-candidato
lib/ai/log-invocation.ts,70,llm_calls,False,from-candidato
lib/ai/memoria-da-org.ts,27,org_memory_versions,False,from-candidato
lib/ai/memoria-da-org.ts,39,org_memory_versions,False,from-candidato
lib/ai/memoria-da-org.ts,52,org_memory_pointers,False,from-candidato
lib/ai/pontos/padrao-da-organizacao.ts,86,ai_models,False,from-candidato
lib/ai/pontos/padrao-da-organizacao.ts,100,organizations,False,from-candidato
lib/ai/pontos/padrao-da-organizacao.ts,114,organizations,False,from-candidato
lib/ai/rag/ingest/conversations.ts,74,ai_knowledge_sources,False,from-candidato
lib/ai/rag/ingest/conversations.ts,86,ai_knowledge_sources,False,from-candidato
lib/ai/rag/ingest/conversations.ts,159,conversations,False,from-candidato
lib/ai/rag/ingest/conversations.ts,221,messages,False,from-candidato
lib/ai/rag/ingest/conversations.ts,251,conversations,False,from-candidato
lib/ai/rag/ingest/conversations.ts,285,conversations,False,from-candidato
lib/ai/rag/ingest/conversations.ts,317,ai_chunks,False,from-candidato
lib/ai/rag/ingest/conversations.ts,374,conversations,False,from-candidato
lib/ai/rag/ingest/documento.ts,109,<dinamico-ou-expressao>,False,Storage
lib/ai/rag/ingest/policy.ts,100,ai-policy,False,Storage
lib/ai/rag/version.ts,47,ai_knowledge_versions,False,from-candidato
lib/ai/rag/version.ts,62,ai_knowledge_versions,False,from-candidato
lib/ai/rag/version.ts,98,ai_knowledge_versions,False,from-candidato
lib/ai/rag/version.ts,121,ai_knowledge_versions,False,from-candidato
lib/ai/rag/version.ts,150,ai_knowledge_versions,False,from-candidato
lib/ai/rag/version.ts,167,ai_knowledge_versions,False,from-candidato
lib/ai/rag/version.ts,179,ai_knowledge_versions,False,from-candidato
lib/ai/rag/version.ts,189,ai_knowledge_sources,False,from-candidato
lib/ai/runtime/agent.ts,213,ai_agent_runs,False,from-candidato
lib/ai/runtime/agent.ts,238,ai_agent_runs,False,from-candidato
lib/ai/runtime/agent.ts,271,ai_agent_versions,False,from-candidato
lib/ai/runtime/agent.ts,292,ai_agents,False,from-candidato
lib/ai/runtime/agent.ts,344,messages,False,from-candidato
lib/ai/runtime/agent.ts,355,conversations,False,from-candidato
lib/ai/runtime/cost.ts,33,ai_models,False,from-candidato
lib/ai/runtime/finalize.ts,59,ai_agent_runs,False,from-candidato
lib/ai/runtime/handoff.ts,36,crm_lead_links,False,from-candidato
lib/ai/runtime/history.ts,34,messages,False,from-candidato
lib/ai/runtime/mcp_token.ts,77,user_organizations,False,from-candidato
lib/ai/runtime/mcp_token.ts,105,api_tokens,False,from-candidato
lib/ai/runtime/mcp_token.ts,133,api_tokens,False,from-candidato
lib/ai/runtime/tools.ts,117,crm_leads,False,from-candidato
lib/ai/runtime/tools.ts,143,crm_leads,False,from-candidato
lib/ai/skills/install.ts,46,<dinamico-ou-expressao>,False,Storage
lib/ai/skills/install.ts,50,<dinamico-ou-expressao>,False,Storage
lib/api/idempotency.ts,204,idempotency_keys,False,from-candidato
lib/api/idempotency.ts,231,idempotency_keys,False,from-candidato
lib/api/idempotency.ts,257,idempotency_keys,False,from-candidato
lib/api/idempotency.ts,281,idempotency_keys,False,from-candidato
lib/api/idempotency.ts,296,idempotency_keys,False,from-candidato
lib/atendimento/origem-automacao.ts,46,conversations,False,from-candidato
lib/atendimento/origem-mensagem.ts,11,messages,False,from-candidato
lib/audit/index.ts,63,platform_support_sessions,False,from-candidato
lib/audit/index.ts,84,api_audit_log,False,from-candidato
lib/audit/index.ts,122,api_audit_log,False,from-candidato
lib/auth/aplicar-convite.ts,59,team_invites,False,from-candidato
lib/auth/aplicar-convite.ts,103,team_invites,False,from-candidato
lib/auth/politica-de-cadastro.ts,191,platform_settings,False,from-candidato
lib/auth/politica-de-cadastro.ts,233,platform_settings,False,from-candidato
lib/auth/provision.ts,53,user_organizations,False,from-candidato
lib/auth/provision.ts,74,organizations,False,from-candidato
lib/auth/provision.ts,92,user_organizations,False,from-candidato
lib/auth/provision.ts,222,organizations,False,from-candidato
lib/auth/provision.ts,254,organizations,False,from-candidato
lib/auth/provision.ts,274,user_organizations,False,from-candidato
lib/auth/provision.ts,326,user_organizations,False,from-candidato
lib/auth/provision.ts,371,user_organizations,False,from-candidato
lib/auth/provision.ts,418,user_organizations,False,from-candidato
lib/auth/requirePlatformAdmin.ts,46,platform_admins,False,from-candidato
lib/auth/server.ts,161,platform_admins,False,from-candidato
lib/auth/server.ts,167,user_organizations,False,from-candidato
lib/auth/server.ts,327,platform_admins,False,from-candidato
lib/auth/server.ts,338,organizations,False,from-candidato
lib/auth/vinculo-revogado.ts,35,user_organizations,False,from-candidato
lib/automation/actions/add-tag.ts,34,<dinamico-ou-expressao>,False,from-candidato
lib/automation/actions/assign-owner.ts,23,user_organizations,False,from-candidato
lib/automation/actions/assign-owner.ts,48,crm_leads,False,from-candidato
lib/automation/actions/create-or-move-lead.ts,133,crm_leads,False,from-candidato
lib/automation/actions/create-or-move-lead.ts,165,crm_leads,False,from-candidato
lib/automation/actions/create-or-move-lead.ts,201,crm_stages,False,from-candidato
lib/automation/actions/create-or-move-lead.ts,213,crm_stages,False,from-candidato
lib/automation/dados-do-formulario.ts,102,webhook_lead_captures,False,from-candidato
lib/automation/desfecho-do-envio.ts,180,agent_inbox_items,False,from-candidato
lib/automation/desfecho-do-envio.ts,201,agent_inbox_items,False,from-candidato
lib/automation/destinos-internos-autorizados.ts,179,platform_settings,False,from-candidato
lib/automation/destinos-internos-autorizados.ts,229,platform_settings,False,from-candidato
lib/automation/destinos-internos-autorizados.ts,253,platform_settings,False,from-candidato
lib/automation/engine.ts,46,crm_leads,False,from-candidato
lib/automation/engine.ts,55,contacts,False,from-candidato
lib/automation/engine.ts,65,contacts,False,from-candidato
lib/automation/engine.ts,73,calendar_appointments,False,from-candidato
lib/automation/engine.ts,85,contacts,False,from-candidato
lib/automation/engine.ts,97,contacts,False,from-candidato
lib/automation/engine.ts,127,automation_rule_runs,False,from-candidato
lib/automation/engine.ts,173,automation_rules,False,from-candidato
lib/automation/engine.ts,300,automation_rule_runs,False,from-candidato
lib/automation/engine.ts,325,automation_rules,False,from-candidato
lib/automation/engine.ts,327,automation_rules,False,from-candidato
lib/automation/janela-do-canal.ts,62,channel_knobs,False,from-candidato
lib/automation/start-conversation.ts,26,channel_sessions,False,from-candidato
lib/automation/throttle.ts,37,channel_sessions,False,from-candidato
lib/automation/throttle.ts,46,channel_session_warmup,False,from-candidato
lib/branding/instalacao.ts,400,platform_branding,False,from-candidato
lib/branding/instalacao.ts,430,platform_branding,False,from-candidato
lib/branding/instalacao.ts,435,platform_branding,False,from-candidato
lib/branding/instalacao.ts,503,platform_branding,False,from-candidato
lib/branding/saida.ts,147,organizations,False,from-candidato
lib/catalogo/moeda-da-org.ts,35,organizations,False,from-candidato
lib/channels/arquivo-de-webhook.ts,84,webhook_events_log,False,from-candidato
lib/channels/arquivo-de-webhook.ts,131,webhook_events_log,False,from-candidato
lib/channels/conferir-definicao.ts,76,meta_templates,False,from-candidato
lib/channels/connect-waha.ts,124,channel_sessions,False,from-candidato
lib/channels/connect-waha.ts,143,channel_connection_requests,False,from-candidato
lib/channels/connect.ts,171,channel_sessions,False,from-candidato
lib/channels/connect.ts,219,channel_sessions,False,from-candidato
lib/channels/connect.ts,221,channel_sessions,False,from-candidato
lib/channels/contato-por-telefone.ts,77,contacts,False,from-candidato
lib/channels/contato-por-telefone.ts,118,contacts,False,from-candidato
lib/channels/contato-por-telefone.ts,130,contacts,False,from-candidato
lib/channels/health.ts,182,channel_sessions,False,from-candidato
lib/channels/health.ts,252,channel_session_health,False,from-candidato
lib/channels/health.ts,267,agent_inbox_items,False,from-candidato
lib/channels/health.ts,286,agent_inbox_items,False,from-candidato
lib/channels/health.ts,341,agent_inbox_items,False,from-candidato
lib/channels/health.ts,356,agent_inbox_items,False,from-candidato
lib/channels/health.ts,367,channel_session_health,False,from-candidato
lib/channels/health.ts,376,channel_session_health,False,from-candidato
lib/channels/health.ts,401,channel_session_health,False,from-candidato
lib/channels/meta/app.ts,114,platform_meta_app,False,from-candidato
lib/channels/meta/credentials.ts,101,channel_sessions,False,from-candidato
lib/channels/meta/ingest.ts,96,channel_sessions,False,from-candidato
lib/channels/meta/ingest.ts,218,messages,False,from-candidato
lib/channels/meta/send-template-for-session.ts,85,meta_templates,False,from-candidato
lib/channels/meta/session.ts,64,channel_sessions,False,from-candidato
lib/channels/meta/session.ts,97,channel_sessions,False,from-candidato
lib/channels/meta/template-sync.ts,260,meta_templates,False,from-candidato
lib/channels/meta/template-sync.ts,271,meta_templates,False,from-candidato
lib/channels/meta/template-sync.ts,281,meta_templates,False,from-candidato
lib/channels/meta/webhook-da-sessao.ts,66,channel_sessions,False,from-candidato
lib/channels/onboarding-session.ts,5,channel_sessions,False,from-candidato
lib/channels/pairing-code.ts,34,channel_sessions,False,from-candidato
lib/channels/pos-entrada.ts,177,channel_sessions,False,from-candidato
lib/channels/pos-entrada.ts,186,contacts,False,from-candidato
lib/channels/pos-entrada.ts,194,organizations,False,from-candidato
lib/channels/pos-entrada.ts,235,contacts,False,from-candidato
lib/channels/reactivate.ts,90,channel_sessions,False,from-candidato
lib/channels/retencao-do-arquivo.ts,83,webhook_events_log,False,from-candidato
lib/channels/retencao-do-arquivo.ts,102,webhook_events_log,False,from-candidato
lib/channels/retencao-do-arquivo.ts,130,webhook_events_log,False,from-candidato
lib/channels/selectable.ts,96,channel_sessions,False,from-candidato
lib/channels/zernio/avisos.ts,193,agent_inbox_items,False,from-candidato
lib/channels/zernio/avisos.ts,204,agent_inbox_items,False,from-candidato
lib/channels/zernio/avisos.ts,240,meta_templates,False,from-candidato
lib/channels/zernio/credentials.ts,111,channel_sessions,False,from-candidato
lib/channels/zernio/ingest.ts,86,messages,False,from-candidato
lib/channels/zernio/ingest.ts,151,contacts,False,from-candidato
lib/channels/zernio/ingest.ts,359,conversations,False,from-candidato
lib/channels/zernio/ingest.ts,414,contacts,False,from-candidato
lib/channels/zernio/ingest.ts,458,conversations,False,from-candidato
lib/channels/zernio/ingest.ts,480,messages,False,from-candidato
lib/channels/zernio/ingest.ts,607,messages,False,from-candidato
lib/contacts/cliente-pela-agenda.ts,27,organizations,False,from-candidato
lib/contacts/proposta-de-dado.ts,98,contacts,False,from-candidato
lib/contacts/proposta-de-dado.ts,126,contact_field_proposals,False,from-candidato
lib/contacts/proposta-de-dado.ts,188,contact_field_proposals,False,from-candidato
lib/contacts/proposta-de-dado.ts,200,contact_field_proposals,False,from-candidato
lib/contacts/proposta-de-dado.ts,215,agent_inbox_items,False,from-candidato
lib/contacts/proposta-de-dado.ts,225,agent_inbox_items,False,from-candidato
lib/conversoes/envio.handler.ts,70,crm_leads,False,from-candidato
lib/conversoes/estado-da-conexao.ts,46,ad_platform_connections,False,from-candidato
lib/conversoes/estado-da-conexao.ts,85,ad_conversion_dispatches,False,from-candidato
lib/conversoes/estado-da-conexao.ts,121,ad_conversion_dispatches,False,from-candidato
lib/conversoes/leitura-da-atribuicao.ts,45,contacts,False,from-candidato
lib/conversoes/registro-de-envio.ts,51,ad_conversion_dispatches,False,from-candidato
lib/conversoes/registro-de-envio.ts,70,ad_conversion_dispatches,False,from-candidato
lib/dev/kick-local-pipeline.ts,47,job_queue,False,from-candidato
lib/dev/kick-local-pipeline.ts,72,followup_enrollments,False,from-candidato
lib/email/config.ts,33,platform_smtp_settings,False,from-candidato
lib/email/config.ts,84,platform_smtp_settings,False,from-candidato
lib/email/config.ts,96,platform_smtp_settings,False,from-candidato
lib/escalacao/atendentes.ts,64,user_organizations,False,from-candidato
lib/escalacao/atendentes.ts,78,attendant_availability,False,from-candidato
lib/escalacao/atendentes.ts,96,conversations,False,from-candidato
lib/escalacao/atendimento-manual.ts,117,conversations,False,from-candidato
lib/escalacao/atendimento-manual.ts,150,conversations,False,from-candidato
lib/escalacao/aviso-ao-suporte.handler.ts,123,channel_sessions,False,from-candidato
lib/escalacao/aviso-ao-suporte.ts,650,config_aviso_de_caso,False,from-candidato
lib/escalacao/aviso-ao-suporte.ts,660,agent_cases,False,from-candidato
lib/escalacao/aviso-ao-suporte.ts,671,contacts,False,from-candidato
lib/escalacao/aviso-ao-suporte.ts,686,entregas_de_aviso_de_caso,False,from-candidato
lib/escalacao/aviso-ao-suporte.ts,703,entregas_de_aviso_de_caso,False,from-candidato
lib/escalacao/aviso-ao-suporte.ts,715,entregas_de_aviso_de_caso,False,from-candidato
lib/escalacao/aviso-ao-suporte.ts,724,entregas_de_aviso_de_caso,False,from-candidato
lib/escalacao/aviso-ao-suporte.ts,736,channel_sessions,False,from-candidato
lib/escalacao/aviso-ao-suporte.ts,768,agent_inbox_items,False,from-candidato
lib/escalacao/aviso-ao-suporte.ts,777,agent_inbox_items,False,from-candidato
lib/escalacao/aviso-ao-suporte.ts,793,agent_case_events,False,from-candidato
lib/escalacao/aviso-ao-suporte.ts,813,contacts,False,from-candidato
lib/escalacao/aviso-ao-suporte.ts,831,organizations,False,from-candidato
lib/escalacao/chamados.ts,85,agent_cases,False,from-candidato
lib/escalacao/chamados.ts,101,conversations,False,from-candidato
lib/escalacao/chamados.ts,217,agent_cases,False,from-candidato
lib/escalacao/chamados.ts,233,agent_cases,False,from-candidato
lib/escalacao/chamados.ts,264,agent_cases,False,from-candidato
lib/escalacao/chamados.ts,276,agent_case_events,False,from-candidato
lib/escalacao/continuidade.ts,115,agent_cases,False,from-candidato
lib/escalacao/continuidade.ts,127,agent_case_events,False,from-candidato
lib/escalacao/continuidade.ts,140,conversation_notes,False,from-candidato
lib/escalacao/numero-interno-de-aviso.ts,135,config_aviso_de_caso,False,from-candidato
lib/escalacao/numero-interno-de-aviso.ts,188,contacts,False,from-candidato
lib/escalacao/passagem.ts,390,passagens_de_atendimento,False,from-candidato
lib/escalacao/retomada.ts,97,conversations,False,from-candidato
lib/escalacao/retomada.ts,146,conversations,False,from-candidato
lib/escalacao/retomada.ts,167,contacts,False,from-candidato
lib/escalacao/retomada.ts,294,lead_checkpoints,False,from-candidato
lib/escalacao/retomada.ts,309,lead_checkpoints,False,from-candidato
lib/escalacao/retomada.ts,339,crm_leads,False,from-candidato
lib/escalacao/retomada.ts,344,crm_pipelines,False,from-candidato
lib/escalacao/tela-do-aviso.ts,172,config_aviso_de_caso,False,from-candidato
lib/escalacao/tela-do-aviso.ts,206,ai_agent_versions,False,from-candidato
lib/escalacao/tela-do-aviso.ts,212,ai_routers,False,from-candidato
lib/escalacao/tela-do-aviso.ts,255,ai_agents,False,from-candidato
lib/escalacao/tela-do-aviso.ts,276,ai_agent_versions,False,from-candidato
lib/escalacao/tela-do-aviso.ts,306,organizations,False,from-candidato
lib/escalacao/tela-do-aviso.ts,320,entregas_de_aviso_de_caso,False,from-candidato
lib/escalacao/tela-do-aviso.ts,394,agent_cases,False,from-candidato
lib/escalacao/tela-do-aviso.ts,413,entregas_de_aviso_de_caso,False,from-candidato
lib/escalacao/tela-do-aviso.ts,419,agent_case_events,False,from-candidato
lib/event-log/aviso-do-laco.ts,41,agent_inbox_items,False,from-candidato
lib/event-log/aviso-do-laco.ts,51,organizations,False,from-candidato
lib/event-log/aviso-do-laco.ts,59,agent_inbox_items,False,from-candidato
lib/event-log/aviso-do-laco.ts,74,agent_inbox_items,False,from-candidato
lib/event-log/drain.ts,76,agent_inbox_items,False,from-candidato
lib/event-log/drain.ts,98,agent_inbox_items,False,from-candidato
lib/event-log/drain.ts,161,event_log,False,from-candidato
lib/event-log/drain.ts,208,event_log,False,from-candidato
lib/event-log/drain.ts,233,event_log,False,from-candidato
lib/event-log/drain.ts,259,event_log,False,from-candidato
lib/event-log/drain.ts,284,event_log,False,from-candidato
lib/event-log/drain.ts,305,event_log,False,from-candidato
lib/event-log/drain.ts,340,event_log,False,from-candidato
lib/extensions/http.ts,55,platform_admins,False,from-candidato
lib/extensions/manifest.ts,475,<dinamico-ou-expressao>,False,from-candidato
lib/extensions/service.ts,296,extension_operations,False,from-candidato
lib/extensions/service.ts,309,extension_catalogs,False,from-candidato
lib/extensions/service.ts,316,extension_installations,False,from-candidato
lib/extensions/service.ts,324,extension_operations,False,from-candidato
lib/extensions/service.ts,357,organization_extensions,False,from-candidato
lib/extensions/service.ts,372,extension_installations,False,from-candidato
lib/extensions/service.ts,386,extension_artifacts,False,from-candidato
lib/extensions/service.ts,392,organization_extensions,False,from-candidato
lib/extensions/service.ts,443,extension_installations,False,from-candidato
lib/extensions/service.ts,528,extension_installations,False,from-candidato
lib/extensions/service.ts,538,organization_extensions,False,from-candidato
lib/extensions/service.ts,552,extension_artifacts,False,from-candidato
lib/extensions/service.ts,573,organization_extensions,False,from-candidato
lib/extensions/service.ts,610,extension_operations,False,from-candidato
lib/extensions/service.ts,705,extension_catalogs,False,from-candidato
lib/extensions/service.ts,858,extension_operations,False,from-candidato
lib/extensions/service.ts,865,extension_installations,False,from-candidato
lib/extensions/service.ts,880,extension_artifacts,False,from-candidato
lib/extensions/service.ts,976,extension_installations,False,from-candidato
lib/extensions/service.ts,990,extension_artifacts,False,from-candidato
lib/followup/agent-followup-gate.ts,112,ai_agent_versions,False,from-candidato
lib/followup/aplicar-inbound.ts,38,job_queue,False,from-candidato
lib/followup/aplicar-inbound.ts,68,messages,False,from-candidato
lib/followup/aplicar-inbound.ts,91,followup_enrollments,False,from-candidato
lib/followup/aplicar-inbound.ts,134,followup_enrollments,False,from-candidato
lib/followup/engine.ts,784,followup_flow_versions,False,from-candidato
lib/followup/engine.ts,796,crm_leads,False,from-candidato
lib/followup/engine.ts,803,contacts,False,from-candidato
lib/followup/engine.ts,821,messages,False,from-candidato
lib/followup/engine.ts,834,followup_enrollment_events,False,from-candidato
lib/followup/engine.ts,850,followup_enrollment_events,False,from-candidato
lib/followup/engine.ts,874,followup_flow_pointers,False,from-candidato
lib/followup/engine.ts,883,agent_inbox_items,False,from-candidato
lib/followup/engine.ts,918,calendar_appointments,False,from-candidato
lib/followup/engine.ts,928,contacts,False,from-candidato
lib/followup/engine.ts,939,agent_inbox_items,False,from-candidato
lib/followup/enroll.ts,48,followup_flow_pointers,False,from-candidato
lib/followup/enroll.ts,66,contacts,False,from-candidato
lib/followup/enroll.ts,75,followup_flow_versions,False,from-candidato
lib/followup/enroll.ts,98,ai_agents,False,from-candidato
lib/followup/enroll.ts,117,followup_enrollments,False,from-candidato
lib/followup/enviar-texto-fixo.ts,32,followup_enrollments,False,from-candidato
lib/followup/enviar-texto-fixo.ts,50,job_queue,False,from-candidato
lib/followup/enviar-texto-fixo.ts,77,job_queue,False,from-candidato
lib/followup/enviar-texto-fixo.ts,91,followup_enrollments,False,from-candidato
lib/followup/etapas-citadas.ts,47,crm_stages,False,from-candidato
lib/followup/gatilho-caso.ts,307,followup_flow_pointers,False,from-candidato
lib/followup/gatilho-caso.ts,337,conversations,False,from-candidato
lib/followup/gatilho-caso.ts,348,followup_flow_versions,False,from-candidato
lib/followup/gatilho-caso.ts,361,agent_cases,False,from-candidato
lib/followup/gatilho-caso.ts,370,followup_enrollments,False,from-candidato
lib/followup/gatilho-caso.ts,383,followup_enrollment_events,False,from-candidato
lib/followup/gatilho-caso.ts,390,followup_enrollments,False,from-candidato
lib/followup/gatilho-caso.ts,405,followup_enrollments,False,from-candidato
lib/followup/gatilho-etapa.ts,238,followup_flow_pointers,False,from-candidato
lib/followup/gatilho-etapa.ts,269,crm_leads,False,from-candidato
lib/followup/gatilho-etapa.ts,280,followup_flow_versions,False,from-candidato
lib/followup/gatilho-etapa.ts,298,followup_enrollments,False,from-candidato
lib/followup/gatilho-etapa.ts,310,followup_enrollment_events,False,from-candidato
lib/followup/intervencao.ts,245,followup_enrollments,False,from-candidato
lib/followup/intervencao.ts,283,followup_enrollments,False,from-candidato
lib/followup/intervencao.ts,330,followup_enrollment_events,False,from-candidato
lib/followup/intervencao.ts,476,followup_enrollment_events,False,from-candidato
lib/followup/intervencao.ts,574,followup_flow_versions,False,from-candidato
lib/followup/persistir-resposta.ts,39,contacts,False,from-candidato
lib/followup/persistir-resposta.ts,48,crm_leads,False,from-candidato
lib/followup/persistir-resposta.ts,63,crm_leads,False,from-candidato
lib/followup/rascunho.ts,45,followup_flow_versions,False,from-candidato
lib/followup/reactivity.ts,436,conversations,False,from-candidato
lib/followup/reactivity.ts,446,contacts,False,from-candidato
lib/followup/reactivity.ts,457,followup_enrollments,False,from-candidato
lib/followup/reactivity.ts,467,followup_flow_pointers,False,from-candidato
lib/followup/reactivity.ts,488,followup_enrollment_events,False,from-candidato
lib/followup/reactivity.ts,496,followup_enrollments,False,from-candidato
lib/followup/retorno-crm.ts,79,cron_jobs,False,from-candidato
lib/followup/retorno-crm.ts,97,cron_jobs,False,from-candidato
lib/followup/retorno-crm.ts,128,cron_jobs,False,from-candidato
lib/followup/retorno-crm.ts,191,crm_leads,False,from-candidato
lib/followup/retorno-crm.ts,223,contacts,False,from-candidato
lib/followup/retorno-crm.ts,232,crm_leads,False,from-candidato
lib/followup/retorno-crm.ts,238,crm_pipelines,False,from-candidato
lib/followup/silence-sweep.ts,169,followup_flow_pointers,False,from-candidato
lib/followup/silence-sweep.ts,209,conversations,False,from-candidato
lib/followup/silence-sweep.ts,291,followup_flow_versions,False,from-candidato
lib/followup/silence-sweep.ts,314,followup_enrollments,False,from-candidato
lib/inbox/atividade-de-comando.ts,106,crm_leads,False,from-candidato
lib/inbox/atividade-de-comando.ts,111,crm_pipelines,False,from-candidato
lib/instalacao/comportamento-servidor.ts,62,platform_settings,False,from-candidato
lib/instalacao/comportamento-servidor.ts,89,platform_settings,False,from-candidato
lib/instalacao/config.ts,131,platform_config,False,from-candidato
lib/instalacao/config.ts,233,platform_config,False,from-candidato
lib/instalacao/config.ts,251,platform_config,False,from-candidato
lib/instalacao/retrato.ts,65,organizations,False,from-candidato
lib/instalacao/retrato.ts,88,ai_provider_credentials,False,from-candidato
lib/instalacao/retrato.ts,101,ai_models,False,from-candidato
lib/instalacao/retrato.ts,110,crm_pipelines,False,from-candidato
lib/leads/activity-emitter.ts,116,crm_lead_activities,False,from-candidato
lib/leads/agent-stage-sync.ts,213,crm_leads,False,from-candidato
lib/leads/agent-stage-sync.ts,267,crm_stages,False,from-candidato
lib/leads/agent-stage-sync.ts,292,crm_stages,False,from-candidato
lib/leads/agent-stage-sync.ts,299,crm_leads,False,from-candidato
lib/leads/appointment-stage-move.ts,55,crm_leads,False,from-candidato
lib/leads/appointment-stage-move.ts,86,crm_stages,False,from-candidato
lib/leads/appointment-stage-move.ts,112,crm_stages,False,from-candidato
lib/leads/appointment-stage-move.ts,119,crm_leads,False,from-candidato
lib/leads/encerramento.ts,101,crm_leads,False,from-candidato
lib/leads/encerramento.ts,126,crm_stages,False,from-candidato
lib/leads/encerramento.ts,156,crm_leads,False,from-candidato
lib/leads/encerramento.ts,180,crm_leads,False,from-candidato
lib/leads/encerramento.ts,201,crm_leads,False,from-candidato
lib/leads/handoff-stage-move.ts,54,crm_leads,False,from-candidato
lib/leads/handoff-stage-move.ts,85,crm_stages,False,from-candidato
lib/leads/handoff-stage-move.ts,111,crm_stages,False,from-candidato
lib/leads/handoff-stage-move.ts,124,crm_leads,False,from-candidato
lib/leads/nascimento-do-lead.ts,117,crm_stages,False,from-candidato
lib/leads/nascimento-do-lead.ts,162,crm_pipelines,False,from-candidato
lib/leads/nascimento-do-lead.ts,176,crm_pipelines,False,from-candidato
lib/leads/nascimento-do-lead.ts,209,contacts,False,from-candidato
lib/leads/nascimento-do-lead.ts,222,crm_leads,False,from-candidato
lib/leads/origem-do-site.ts,258,messages,False,from-candidato
lib/leads/radar-de-risco.ts,126,crm_pipelines,False,from-candidato
lib/leads/radar-de-risco.ts,134,crm_leads,False,from-candidato
lib/leads/radar-de-risco.ts,161,ai_agents,False,from-candidato
lib/leads/radar-de-risco.ts,177,crm_stages,False,from-candidato
lib/leads/radar-de-risco.ts,201,cron_jobs,False,from-candidato
lib/leads/radar-de-risco.ts,209,conversations,False,from-candidato
lib/leads/radar-de-risco.ts,214,contacts,False,from-candidato
lib/leads/radar-de-risco.ts,288,demandas,False,from-candidato
lib/leads/radar-de-risco.ts,325,crm_leads,False,from-candidato
lib/leads/radar-de-risco.ts,343,crm_leads,False,from-candidato
lib/leads/radar-de-risco.ts,348,demanda_conversas,False,from-candidato
lib/leads/radar-de-risco.ts,352,conversations,False,from-candidato
lib/leads/reactivation.ts,66,crm_leads,False,from-candidato
lib/leads/reactivation.ts,73,crm_lead_reactivations,False,from-candidato
lib/leads/reactivation.ts,81,crm_lead_reactivations,False,from-candidato
lib/leads/reactivation.ts,133,crm_lead_reactivations,False,from-candidato
lib/leads/reactivation.ts,149,crm_lead_reactivations,False,from-candidato
lib/leads/reactivation.ts,186,agent_inbox_items,False,from-candidato
lib/leads/reactivation.ts,194,agent_inbox_items,False,from-candidato
lib/leads/risk-seed.ts,109,crm_leads,False,from-candidato
lib/leads/risk-seed.ts,120,crm_stages,False,from-candidato
lib/leads/risk-seed.ts,136,cron_jobs,False,from-candidato
lib/leads/risk-seed.ts,203,crm_lead_risk_states,False,from-candidato
lib/leads/risk-seed.ts,234,agent_inbox_items,False,from-candidato
lib/leads/risk-seed.ts,244,agent_inbox_items,False,from-candidato
lib/leads/risk-worker.ts,90,crm_lead_risk_states,False,from-candidato
lib/leads/risk-worker.ts,115,crm_lead_risk_states,False,from-candidato
lib/leads/stage-operations.ts,91,crm_pipelines,False,from-candidato
lib/leads/stage-operations.ts,100,crm_stages,False,from-candidato
lib/leads/stage-operations.ts,250,crm_stages,False,from-candidato
lib/leads/stage-operations.ts,392,crm_stages,False,from-candidato
lib/leads/stage-operations.ts,455,crm_leads,False,from-candidato
lib/leads/stage-operations.ts,487,crm_leads,False,from-candidato
lib/leads/stage-operations.ts,506,crm_stages,False,from-candidato
lib/leads/stage-operations.ts,523,crm_lead_activities,False,from-candidato
lib/leads/timeline-query.ts,107,ai_agents,False,from-candidato
lib/legal/operador.ts,103,organizations,False,from-candidato
lib/legal/perfil-do-pais.ts,257,organizations,False,from-candidato
lib/lgpd/cascata.ts,152,crm_leads,False,from-candidato
lib/lgpd/cascata.ts,162,crm_leads,False,from-candidato
lib/lgpd/cascata.ts,177,crm_lead_activities,False,from-candidato
lib/lgpd/cascata.ts,190,crm_lead_activities,False,from-candidato
lib/lgpd/cascata.ts,225,followup_enrollments,False,from-candidato
lib/lgpd/cascata.ts,235,followup_enrollments,False,from-candidato
lib/lgpd/cascata.ts,351,contacts,False,from-candidato
lib/lgpd/cascata.ts,366,crm_leads,False,from-candidato
lib/lgpd/cascata.ts,372,crm_lead_activities,False,from-candidato
lib/lgpd/export-collector.ts,486,organizations,False,from-candidato
lib/lgpd/export-collector.ts,516,contacts,False,from-candidato
lib/lgpd/export-collector.ts,541,contacts,False,from-candidato
lib/lgpd/export-collector.ts,602,conversations,False,from-candidato
lib/lgpd/export-collector.ts,631,messages,False,from-candidato
lib/lgpd/export-collector.ts,645,messages,False,from-candidato
lib/lgpd/export-collector.ts,675,crm_leads,False,from-candidato
lib/lgpd/export-collector.ts,695,orders,False,from-candidato
lib/lgpd/export-collector.ts,730,crm_lead_activities,False,from-candidato
lib/lgpd/export-collector.ts,757,calendar_appointments,False,from-candidato
lib/lgpd/export-collector.ts,783,crm_tasks,False,from-candidato
lib/lgpd/export-collector.ts,807,voice_calls,False,from-candidato
lib/lgpd/export-collector.ts,829,webhook_lead_captures,False,from-candidato
lib/lgpd/export-collector.ts,851,api_audit_log,False,from-candidato
lib/lgpd/export-collector.ts,881,ai_reply_drafts,False,from-candidato
lib/lgpd/export-collector.ts,911,conversations,False,from-candidato
lib/lgpd/export-collector.ts,930,agent_cases,False,from-candidato
lib/lgpd/export-collector.ts,956,agent_case_events,False,from-candidato
lib/lgpd/export-collector.ts,975,demandas,False,from-candidato
lib/lgpd/export-collector.ts,997,agent_case_chat_messages,False,from-candidato
lib/lgpd/export-collector.ts,1019,passagens_de_atendimento,False,from-candidato
lib/lgpd/export-collector.ts,1049,entregas_de_aviso_de_caso,False,from-candidato
lib/lgpd/export-collector.ts,1078,calendar_appointments,False,from-candidato
lib/lgpd/export-collector.ts,1095,job_queue,False,from-candidato
lib/lgpd/export-collector.ts,1126,agent_inbox_items,False,from-candidato
lib/lgpd/redact-cascade.ts,57,contacts,False,from-candidato
lib/lgpd/redact-cascade.ts,77,storage_redaction_queue,False,from-candidato
lib/lgpd/redact-cascade.ts,100,contacts,False,from-candidato
lib/lgpd/repository.ts,48,lgpd_requests,False,from-candidato
lib/lgpd/repository.ts,83,lgpd_requests,False,from-candidato
lib/lgpd/repository.ts,119,contacts,False,from-candidato
lib/lgpd/repository.ts,138,contacts,False,from-candidato
lib/lgpd/sla-alarm.ts,205,lgpd_requests,False,from-candidato
lib/lgpd/storage-redaction-queue.ts,46,storage_redaction_queue,False,from-candidato
lib/lgpd/storage-redaction-queue.ts,67,<dinamico-ou-expressao>,False,Storage
lib/lgpd/storage-redaction-queue.ts,76,storage_redaction_queue,False,from-candidato
lib/lgpd/storage-redaction-queue.ts,91,storage_redaction_queue,False,from-candidato
lib/lgpd/storage-redaction-queue.ts,104,storage_redaction_queue,False,from-candidato
lib/mcp/auth.ts,131,api_tokens,False,from-candidato
lib/mcp/auth.ts,150,api_tokens,False,from-candidato
lib/mcp/tools/comercio.ts,39,orders,False,from-candidato
lib/mcp/tools/comercio.ts,218,catalog_products,False,from-candidato
lib/mcp/tools/evolucao.ts,115,ai_knowledge_sources,False,from-candidato
lib/mcp/tools/evolucao.ts,152,flywheel_distiller_proposals,False,from-candidato
lib/mcp/tools/evolucao.ts,182,org_memory_entries,False,from-candidato
lib/mcp/tools/evolucao.ts,213,org_memory_entries,False,from-candidato
lib/mcp/tools/governance.ts,71,conversations,False,from-candidato
lib/mcp/tools/governance.ts,113,conversations,False,from-candidato
lib/mcp/tools/governance.ts,195,<dinamico-ou-expressao>,False,from-candidato
lib/mcp/tools/governance.ts,212,<dinamico-ou-expressao>,False,from-candidato
lib/mcp/tools/handoff.ts,80,conversations,False,from-candidato
lib/mcp/tools/handoff.ts,97,crm_leads,False,from-candidato
lib/mcp/tools/handoff.ts,175,conversations,False,from-candidato
lib/mcp/tools/handoff.ts,181,conversations,False,from-candidato
lib/mcp/tools/leads.ts,51,crm_stages,False,from-candidato
lib/mcp/tools/messages.ts,64,idempotency_keys,False,from-candidato
lib/mcp/tools/messages.ts,98,idempotency_keys,False,from-candidato
lib/mcp/tools/privacidade.ts,42,lgpd_requests,False,from-candidato
lib/mcp/tools/retencao.ts,486,crm_leads,False,from-candidato
lib/mcp/tools/retencao.ts,519,crm_stages,False,from-candidato
lib/mcp/tools/start-conversation.ts,104,idempotency_keys,False,from-candidato
lib/mcp/tools/start-conversation.ts,157,idempotency_keys,False,from-candidato
lib/messaging/open-shared-contact-conversation.ts,45,contacts,False,from-candidato
lib/messaging/open-shared-contact-conversation.ts,89,channel_sessions,False,from-candidato
lib/messaging/presenca.ts,71,conversations,False,from-candidato
lib/notifications/push.handler.ts,27,contacts,False,from-candidato
lib/notifications/push.handler.ts,54,whatsapp-media,False,Storage
lib/notifications/push.handler.ts,77,crm_leads,False,from-candidato
lib/notifications/web_push.ts,28,push_subscriptions,False,from-candidato
lib/notifications/web_push.ts,83,push_subscriptions,False,from-candidato
lib/notifications/web_push.ts,98,<dinamico-ou-expressao>,False,from-candidato
lib/operacao/entradas-automaticas.ts,80,webhook_sources,False,from-candidato
lib/operacao/entradas-automaticas.ts,97,webhook_sources,False,from-candidato
lib/operacao/entradas-automaticas.ts,127,crm_pipelines,False,from-candidato
lib/operacao/entradas-automaticas.ts,146,crm_stages,False,from-candidato
lib/operacao/entradas-automaticas.ts,202,webhook_sources,False,from-candidato
lib/operacao/entradas-automaticas.ts,254,webhook_sources,False,from-candidato
lib/operacao/entradas-automaticas.ts,317,webhook_events_log,False,from-candidato
lib/operacao/marcadores-e-time.ts,51,organizations,False,from-candidato
lib/operacao/marcadores-e-time.ts,69,conversations,False,from-candidato
lib/operacao/marcadores-e-time.ts,120,user_organizations,False,from-candidato
lib/operacao/modelos-de-mensagem.ts,32,message_templates,False,from-candidato
lib/operacao/modelos-de-mensagem.ts,69,message_templates,False,from-candidato
lib/operacao/modelos-de-mensagem.ts,113,crm_leads,False,from-candidato
lib/operacao/modelos-de-mensagem.ts,126,contacts,False,from-candidato
lib/operacao/regras-automaticas.ts,71,automation_rules,False,from-candidato
lib/operacao/regras-automaticas.ts,87,automation_rules,False,from-candidato
lib/operacao/regras-automaticas.ts,107,automation_rules,False,from-candidato
lib/operacao/regras-automaticas.ts,170,automation_rule_runs,False,from-candidato
lib/plataformas-de-anuncio/credenciais-de-leitura.ts,47,ad_insights_connections,False,from-candidato
lib/plataformas-de-anuncio/credenciais-de-leitura.ts,100,ad_insights_connections,False,from-candidato
lib/plataformas-de-anuncio/credenciais.ts,50,ad_platform_connections,False,from-candidato
lib/plataformas-de-anuncio/google/captura-de-clique.ts,52,google_ads_click_refs,False,from-candidato
lib/plataformas-de-anuncio/google/captura-de-clique.ts,93,google_ads_click_refs,False,from-candidato
lib/plataformas-de-anuncio/google/estado-da-conexao.ts,24,ad_platform_connections,False,from-candidato
lib/plataformas-de-anuncio/google/landing-config.ts,25,google_ads_landing_pages,False,from-candidato
lib/relogio/executar.ts,30,job_queue,False,from-candidato
lib/relogio/executar.ts,47,followup_enrollments,False,from-candidato
lib/relogio/executar.ts,57,messages,False,from-candidato
lib/routing/channel-policies.ts,11,channel_sessions,False,from-candidato
lib/routing/channel-policies.ts,12,user_organizations,False,from-candidato
lib/routing/channel-policies.ts,13,channel_routing_policies,False,from-candidato
lib/routing/channel-policies.ts,14,channel_routing_responsibles,False,from-candidato
lib/routing/eligibles.ts,35,channel_sessions,False,from-candidato
lib/routing/eligibles.ts,39,channel_routing_policies,False,from-candidato
lib/routing/eligibles.ts,43,channel_routing_responsibles,False,from-candidato
lib/routing/eligibles.ts,51,user_organizations,False,from-candidato
lib/routing/eligibles.ts,57,attendant_availability,False,from-candidato
lib/routing/eligibles.ts,68,conversations,False,from-candidato
lib/routing/eligibles.ts,83,conversation_assignment_events,False,from-candidato
lib/routing/queue.ts,46,conversations,False,from-candidato
lib/routing/queue.ts,86,conversations,False,from-candidato
lib/routing/queue.ts,119,conversations,False,from-candidato
lib/routing/worker.ts,82,event_log,False,from-candidato
lib/routing/worker.ts,87,event_log,False,from-candidato
lib/routing/worker.ts,93,event_log,False,from-candidato
lib/routing/worker.ts,145,conversations,False,from-candidato
lib/routing/worker.ts,159,organizations,False,from-candidato
lib/routing/worker.ts,254,event_log,False,from-candidato
lib/routing/worker.ts,278,event_log,False,from-candidato
lib/routing/worker.ts,302,event_log,False,from-candidato
lib/routing/worker.ts,371,crm_leads,False,from-candidato
lib/settings/apagar-dados-operacionais.ts,108,<dinamico-ou-expressao>,False,from-candidato
lib/team/convites.ts,119,team_invites,False,from-candidato
lib/team/convites.ts,158,team_invites,False,from-candidato
lib/team/convites.ts,164,team_invites,False,from-candidato
lib/team/convites.ts,215,team_invites,False,from-candidato
lib/tenants/api-key.ts,92,api_tokens,False,from-candidato
lib/tenants/api-key.ts,112,api_tokens,False,from-candidato
lib/tenants/api-key.ts,151,api_tokens,False,from-candidato
lib/tenants/apply-blueprint-automations.ts,345,followup_flow_pointers,False,from-candidato
lib/tenants/apply-blueprint-automations.ts,367,followup_flow_pointers,False,from-candidato
lib/tenants/apply-blueprint-automations.ts,374,followup_flow_pointers,False,from-candidato
lib/tenants/apply-blueprint-automations.ts,387,followup_flow_pointers,False,from-candidato
lib/tenants/apply-blueprint-automations.ts,396,followup_flow_pointers,False,from-candidato
lib/tenants/apply-blueprint-automations.ts,420,followup_flow_pointers,False,from-candidato
lib/tenants/apply-blueprint-automations.ts,441,followup_flow_pointers,False,from-candidato
lib/tenants/apply-blueprint-automations.ts,454,followup_flow_pointers,False,from-candidato
lib/tenants/apply-blueprint-automations.ts,476,ai_agents,False,from-candidato
lib/tenants/apply-blueprint-automations.ts,487,ai_agent_versions,False,from-candidato
lib/tenants/apply-blueprint-automations.ts,542,ai_agent_versions,False,from-candidato
lib/tenants/apply-blueprint-automations.ts,554,ai_agent_versions,False,from-candidato
lib/tenants/apply-blueprint.ts,185,organizations,False,from-candidato
lib/tenants/apply-blueprint.ts,195,user_organizations,False,from-candidato
lib/tenants/apply-blueprint.ts,227,crm_pipelines,False,from-candidato
lib/tenants/apply-blueprint.ts,238,crm_pipelines,False,from-candidato
lib/tenants/apply-blueprint.ts,269,crm_pipelines,False,from-candidato
lib/tenants/apply-blueprint.ts,294,crm_stages,False,from-candidato
lib/tenants/apply-blueprint.ts,303,crm_leads,False,from-candidato
lib/tenants/apply-blueprint.ts,311,crm_stages,False,from-candidato
lib/tenants/apply-blueprint.ts,349,crm_stages,False,from-candidato
lib/tenants/apply-blueprint.ts,360,crm_stages,False,from-candidato
lib/tenants/apply-blueprint.ts,382,crm_stages,False,from-candidato
lib/tenants/apply-blueprint.ts,390,crm_stages,False,from-candidato
lib/tenants/apply-blueprint.ts,410,crm_stages,False,from-candidato
lib/tenants/apply-blueprint.ts,419,crm_stages,False,from-candidato
lib/tenants/apply-blueprint.ts,455,ai_agents,False,from-candidato
lib/tenants/apply-blueprint.ts,467,ai_agents,False,from-candidato
lib/tenants/apply-blueprint.ts,485,ai_agents,False,from-candidato
lib/tenants/apply-blueprint.ts,524,ai_agents,False,from-candidato
lib/tenants/apply-blueprint.ts,547,ai_agent_versions,False,from-candidato
lib/tenants/apply-blueprint.ts,569,ai_agent_versions,False,from-candidato
lib/tenants/apply-blueprint.ts,579,ai_agent_versions,False,from-candidato
lib/tenants/apply-blueprint.ts,665,organizations,False,from-candidato
lib/tenants/apply-blueprint.ts,741,organizations,False,from-candidato
lib/tenants/provision-channel.ts,50,channel_sessions,False,from-candidato
lib/tenants/provision-channel.ts,118,channel_sessions,False,from-candidato
lib/tenants/provision-channel.ts,139,channel_sessions,False,from-candidato
lib/tenants/provision-channel.ts,169,channel_sessions,False,from-candidato
lib/voice/desparear.ts,61,channel_sessions,False,from-candidato
lib/voice/desparear.ts,91,channel_sessions,False,from-candidato
lib/voice/guarda.ts,51,org_voice_calls,False,from-candidato
lib/voice/numero-discavel.ts,68,channel_sessions,False,from-candidato
lib/wacalls/calls.ts,48,voice_calls,False,from-candidato
lib/wacalls/session.ts,20,channel_sessions,False,from-candidato
lib/waha/ingest.ts,80,messages,False,from-candidato
lib/waha/ingest.ts,576,messages,False,from-candidato
lib/waha/ingest.ts,655,messages,False,from-candidato
lib/waha/ingest.ts,867,messages,False,from-candidato
lib/waha/ingest.ts,898,messages,False,from-candidato
lib/waha/ingest.ts,1010,messages,False,from-candidato
lib/waha/ingest.ts,1041,channel_sessions,False,from-candidato
lib/waha/ingest.ts,1054,channel_sessions,False,from-candidato
lib/waha/ingest.ts,1093,messages,False,from-candidato
lib/waha/ingest.ts,1117,messages,False,from-candidato
lib/webhooks/captacao.ts,147,webhook_lead_captures,False,from-candidato
lib/webhooks/retencao-da-captacao.ts,87,webhook_lead_captures,False,from-candidato
workers/ai-handoff-from-sentiment.handler.ts,53,crm_leads,False,from-candidato
workers/ai-response-worker.ts,427,agent_inbox_items,False,from-candidato
workers/ai-response-worker.ts,543,agent_inbox_items,False,from-candidato
workers/ai-response-worker.ts,558,agent_inbox_items,False,from-candidato
workers/ai-response-worker.ts,582,agent_inbox_items,False,from-candidato
workers/ai-response-worker.ts,612,conversations,False,from-candidato
workers/ai-response-worker.ts,706,messages,False,from-candidato
workers/ai-response-worker.ts,740,ai_agents,False,from-candidato
workers/ai-response-worker.ts,780,ai_agents,False,from-candidato
workers/ai-response-worker.ts,802,messages,False,from-candidato
workers/ai-response-worker.ts,865,crm_leads,False,from-candidato
workers/ai-response-worker.ts,902,ai_knowledge_sources,False,from-candidato
workers/ai-response-worker.ts,1090,messages,False,from-candidato
workers/ai-sentiment-worker.ts,102,messages,False,from-candidato
workers/ai-sentiment-worker.ts,158,conversations,False,from-candidato
workers/ai-sentiment-worker.ts,171,ai_agent_versions,False,from-candidato
workers/ai-sentiment-worker.ts,180,ai_agents,False,from-candidato
workers/ai-sentiment-worker.ts,286,messages,False,from-candidato
workers/lgpd-export-worker.ts,132,lgpd_requests,False,from-candidato
workers/lgpd-export-worker.ts,155,lgpd_requests,False,from-candidato
workers/lgpd-export-worker.ts,188,<dinamico-ou-expressao>,False,Storage
workers/lgpd-export-worker.ts,198,<dinamico-ou-expressao>,False,Storage
workers/lgpd-export-worker.ts,212,<dinamico-ou-expressao>,False,Storage
workers/lgpd-export-worker.ts,230,lgpd_requests,False,from-candidato
workers/lgpd-export-worker.ts,284,lgpd_requests,False,from-candidato
workers/lgpd-export-worker.ts,325,lgpd_requests,False,from-candidato
workers/lgpd-export-worker.ts,352,lgpd_requests,False,from-candidato
workers/lgpd-export-worker.ts,444,lgpd_requests,False,from-candidato
workers/lgpd-redact-worker.ts,144,lgpd_requests,False,from-candidato
workers/lgpd-redact-worker.ts,166,lgpd_requests,False,from-candidato
workers/lgpd-redact-worker.ts,188,lgpd_requests,False,from-candidato
workers/lgpd-redact-worker.ts,221,lgpd_requests,False,from-candidato
workers/lgpd-redact-worker.ts,252,lgpd_requests,False,from-candidato
workers/lgpd-redact-worker.ts,320,contacts,False,from-candidato
workers/lgpd-redact-worker.ts,367,lgpd_requests,False,from-candidato
workers/lgpd-redact-worker.ts,378,organizations,False,from-candidato
workers/lgpd-redact-worker.ts,395,lgpd_requests,False,from-candidato
workers/lgpd-redact-worker.ts,474,lgpd_requests,False,from-candidato
workers/media-derive-worker.ts,58,messages,False,from-candidato
workers/media-derive-worker.ts,73,ai_agent_versions,False,from-candidato
workers/media-derive-worker.ts,105,messages,False,from-candidato
workers/media-derive-worker.ts,111,whatsapp-media,False,Storage
workers/media-derive-worker.ts,224,messages,False,from-candidato
workers/media-derive-worker.ts,295,ai_purpose_bindings,False,from-candidato
workers/media-derive-worker.ts,343,ai_models,False,from-candidato
workers/media-derive-worker.ts,564,agent_inbox_items,False,from-candidato
workers/media-derive-worker.ts,577,agent_inbox_items,False,from-candidato
workers/media-persist-worker.ts,52,messages,False,from-candidato
workers/media-persist-worker.ts,70,messages,False,from-candidato
workers/media-persist-worker.ts,90,channel_sessions,False,from-candidato
workers/media-persist-worker.ts,124,whatsapp-media,False,Storage
workers/rag-indexer.ts,100,ai_knowledge_sources,False,from-candidato
workers/rag-indexer.ts,120,ai_knowledge_sources,False,from-candidato
workers/rag-indexer.ts,146,agent_inbox_items,False,from-candidato
workers/rag-indexer.ts,155,agent_inbox_items,False,from-candidato
workers/rag-indexer.ts,184,ai_faq_items,False,from-candidato
workers/rag-indexer.ts,281,tenant_integrations,False,from-candidato
workers/rag-indexer.ts,408,ai_chunks,False,from-candidato
workers/rag-indexer.ts,501,ai_knowledge_sources,False,from-candidato
workers/rag-indexer.ts,510,ai_knowledge_sources,False,from-candidato
app/actions/onboarding/montarQuadro.ts,232,fn_aplicar_quadro_do_onboarding,False,RPC
app/actions/settings/definirClientePelaAgenda.ts,86,fn_definir_cliente_pela_agenda,False,RPC
app/actions/settings/updateMarcaDaOrganizacao.ts,145,fn_definir_marca_da_organizacao,False,RPC
app/actions/settings/updateProfile.ts,68,emit_event,False,RPC
app/actions/settings/updateTenant.ts,100,emit_event,False,RPC
app/api/v1/admin/impersonate/end/route.ts,20,fn_end_support,False,RPC
app/api/v1/admin/tenants/[id]/health/route.ts,218,fn_gasto_de_ia_do_mes,False,RPC
app/api/v1/admin/tenants/[id]/impersonate/route.ts,35,fn_start_support,False,RPC
app/api/v1/admin/tenants/route.ts,195,fn_create_tenant_with_owner,False,RPC
app/api/v1/agenda/agendamentos/_handler.ts,793,emit_event,False,RPC
app/api/v1/agenda/agendamentos/_handler.ts,918,fn_appointment_change,False,RPC
app/api/v1/agenda/configuracao/route.ts,37,fn_agenda_settings,False,RPC
app/api/v1/ai/agents/[id]/tool-usage/route.ts,104,fn_agent_tool_usage,False,RPC
app/api/v1/ai/cases/alerta/route.ts,170,<dinamico-ou-expressao>,False,RPC
app/api/v1/ai/knowledge/sources/[id]/reindex/route.ts,101,<dinamico-ou-expressao>,False,RPC
app/api/v1/ai/knowledge/sources/[id]/route.ts,223,<dinamico-ou-expressao>,False,RPC
app/api/v1/ai/knowledge/sources/route.ts,298,<dinamico-ou-expressao>,False,RPC
app/api/v1/ai/knowledge/sources/upload/route.ts,219,<dinamico-ou-expressao>,False,RPC
app/api/v1/ai/replies/[id]/route.ts,27,fn_reply_action,False,RPC
app/api/v1/channel-sessions/[id]/ai-access/route.ts,44,fn_configurar_pre_go_live_canal,False,RPC
app/api/v1/contacts/_handler.ts,326,decrypt_cpf,False,RPC
app/api/v1/contacts/_handler.ts,450,emit_event,False,RPC
app/api/v1/contacts/_handler.ts,640,emit_event,False,RPC
app/api/v1/contacts/_handler.ts,657,emit_event,False,RPC
app/api/v1/contacts/_handler.ts,863,emit_event,False,RPC
app/api/v1/contacts/import/route.ts,281,emit_event,False,RPC
app/api/v1/contacts/merge/route.ts,103,fn_mesclar_contatos,False,RPC
app/api/v1/conversation-tags/route.ts,49,fn_tags_de_conversa_em_uso,False,RPC
app/api/v1/conversations/[id]/claim/route.ts,65,fn_conversation_assign,False,RPC
app/api/v1/conversations/[id]/claim/route.ts,94,emit_event,False,RPC
app/api/v1/conversations/[id]/close/route.ts,49,fn_service_status,False,RPC
app/api/v1/conversations/[id]/notes/route.ts,138,emit_event,False,RPC
app/api/v1/conversations/[id]/pause-ai/route.ts,103,fn_conversation_assign,False,RPC
app/api/v1/conversations/[id]/release/route.ts,44,fn_conversation_assign,False,RPC
app/api/v1/conversations/[id]/transfer/route.ts,82,fn_conversation_assign,False,RPC
app/api/v1/conversations/[id]/transfer/route.ts,116,emit_event,False,RPC
app/api/v1/conversations/_handler.ts,461,fn_conversation_assign,False,RPC
app/api/v1/conversations/_handler.ts,478,fn_service_status,False,RPC
app/api/v1/cron/contact-birthdays/route.ts,191,<dinamico-ou-expressao>,False,RPC
app/api/v1/cron/data-retention/route.ts,163,<dinamico-ou-expressao>,False,RPC
app/api/v1/cron/data-retention/route.ts,344,<dinamico-ou-expressao>,False,RPC
app/api/v1/cron/followup-flow-worker/route.ts,74,fn_appointment_confirmation_sweep,False,RPC
app/api/v1/cron/lead-date-field-due/route.ts,228,<dinamico-ou-expressao>,False,RPC
app/api/v1/cron/recover-stuck-messages/route.ts,150,<dinamico-ou-expressao>,False,RPC
app/api/v1/demandas/[id]/route.ts,89,fn_demanda_encerrar,False,RPC
app/api/v1/integrations/nuvemshop/callback/route.ts,78,fn_encrypt_oauth,False,RPC
app/api/v1/integrations/nuvemshop/callback/route.ts,87,fn_encrypt_oauth,False,RPC
app/api/v1/leads/[id]/move/route.ts,209,emit_event,False,RPC
app/api/v1/leads/_handler.ts,365,emit_event,False,RPC
app/api/v1/leads/_handler.ts,550,emit_event,False,RPC
app/api/v1/leads/_handler.ts,567,emit_event,False,RPC
app/api/v1/leads/_handler.ts,748,emit_event,False,RPC
app/api/v1/leads/bulk/route.ts,205,fn_mover_leads_em_lote,False,RPC
app/api/v1/leads/bulk/route.ts,292,emit_event,False,RPC
app/api/v1/leads/bulk/route.ts,363,emit_event,False,RPC
app/api/v1/leads/bulk/route.ts,402,emit_event,False,RPC
app/api/v1/lgpd/anonymize/route.ts,113,fn_lgpd_anonymize_contact,False,RPC
app/api/v1/lgpd/anonymize/route.ts,142,emit_event,False,RPC
app/api/v1/lgpd/requests/[id]/approve/route.ts,139,emit_event,False,RPC
app/api/v1/marca/logo/route.ts,246,fn_definir_logo_da_organizacao,False,RPC
app/api/v1/messages/_handler.ts,1042,emit_event,False,RPC
app/api/v1/metrics/atrito/route.ts,142,fn_atrito_metrics,False,RPC
app/api/v1/metrics/attendants/route.ts,78,fn_attendant_metrics,False,RPC
app/api/v1/reports/activities/route.ts,97,fn_activity_report,False,RPC
app/api/v1/settings/routing/channels/route.ts,31,fn_set_channel_routing,False,RPC
app/api/v1/tags/vocabulario/route.ts,58,fn_vocabulario_de_tags,False,RPC
app/api/v1/tags/vocabulario/route.ts,104,fn_vocabulario_de_tags_operar,False,RPC
app/api/v1/webhooks/nuvemshop/[event]/route.ts,80,fn_decrypt_oauth,False,RPC
app/api/v1/webhooks/nuvemshop/[event]/route.ts,153,emit_event,False,RPC
app/api/v1/webhooks/nuvemshop/customer-data-request/route.ts,119,fn_decrypt_oauth,False,RPC
app/api/v1/webhooks/nuvemshop/customer-data-request/route.ts,259,emit_event,False,RPC
app/api/v1/webhooks/nuvemshop/customer-redact/route.ts,115,fn_decrypt_oauth,False,RPC
app/api/v1/webhooks/nuvemshop/customer-redact/route.ts,235,emit_event,False,RPC
app/api/v1/webhooks/nuvemshop/store-redact/route.ts,115,fn_decrypt_oauth,False,RPC
app/api/v1/webhooks/nuvemshop/store-redact/route.ts,235,emit_event,False,RPC
app/api/v1/webhooks/waha/[token]/route.ts,110,fn_decrypt_oauth,False,RPC
app/api/v1/webhooks/waha/route.ts,113,fn_decrypt_oauth,False,RPC
app/app/settings/tags/page.tsx,64,fn_vocabulario_de_tags,False,RPC
lib/agenda/consulta.ts,334,fn_agenda_conexoes_google_do_dono,False,RPC
lib/agenda/consulta.ts,444,fn_agenda_ocupacao_google_do_dono,False,RPC
lib/agenda/efeito.ts,50,fn_followup_claim_current,False,RPC
lib/agenda/efeito.ts,60,fn_followup_job_current,False,RPC
lib/agenda/efeito.ts,70,fn_appointment_enrollment_current,False,RPC
lib/agenda/google/sync-store.ts,62,<dinamico-ou-expressao>,False,RPC
lib/agenda/meet-delivery.ts,60,fn_meet_delivery_policy,False,RPC
lib/agenda/ocupacao-externa.ts,155,fn_agenda_ocupacao_google_do_dono,False,RPC
lib/ai/agents/legacy-notice.ts,24,fn_agent_legacy_notice,False,RPC
lib/ai/agents/publish.ts,51,fn_publish_ai_agent_version,False,RPC
lib/ai/budget/check.ts,138,fn_gasto_de_ia_do_mes,False,RPC
lib/ai/handoff/orchestrator.ts,341,<dinamico-ou-expressao>,False,RPC
lib/ai/knowledge/busca.ts,81,fn_buscar_trechos_das_fontes,False,RPC
lib/ai/replies/delivery.ts,43,fn_reply_receipt_policy,False,RPC
lib/ai/replies/delivery.ts,63,fn_reply_delivery_policy,False,RPC
lib/ai/replies/delivery.ts,73,fn_reply_prepare,False,RPC
lib/ai/replies/delivery.ts,99,fn_reply_record_receipt,False,RPC
lib/ai/runtime/agent.ts,257,<dinamico-ou-expressao>,False,RPC
lib/ai/runtime/finalize.ts,72,<dinamico-ou-expressao>,False,RPC
lib/atendimento/origem.ts,17,fn_service_boundary,False,RPC
lib/atendimento/origem.ts,42,fn_service_begin,False,RPC
lib/atendimento/origem.ts,86,fn_service_observe_command,False,RPC
lib/atendimento/origem.ts,107,fn_service_event_origin,False,RPC
lib/auth/aplicar-convite.ts,68,fn_accept_team_invite,False,RPC
lib/auth/require-role.ts,94,fn_user_role_in_org,False,RPC
lib/automation/actions/add-tag.ts,40,emit_event,False,RPC
lib/channels/connect-waha.ts,36,fn_reserve_channel_connection,False,RPC
lib/channels/connect-waha.ts,51,fn_finish_channel_connection,False,RPC
lib/channels/marcar-conversa.ts,60,<dinamico-ou-expressao>,False,RPC
lib/channels/marcar-conversa.ts,68,<dinamico-ou-expressao>,False,RPC
lib/channels/meta/ingest.ts,188,<dinamico-ou-expressao>,False,RPC
lib/channels/meta/ingest.ts,209,<dinamico-ou-expressao>,False,RPC
lib/channels/meta/ingest.ts,273,<dinamico-ou-expressao>,False,RPC
lib/channels/pos-entrada.ts,319,<dinamico-ou-expressao>,False,RPC
lib/channels/zernio/ingest.ts,336,<dinamico-ou-expressao>,False,RPC
lib/channels/zernio/ingest.ts,389,fn_upsert_wa_contact,False,RPC
lib/channels/zernio/ingest.ts,432,fn_upsert_wa_conversation,False,RPC
lib/contacts/cpf.ts,34,encrypt_cpf,False,RPC
lib/escalacao/aviso-ao-suporte.ts,804,<dinamico-ou-expressao>,False,RPC
lib/escalacao/numero-interno-de-aviso.ts,253,<dinamico-ou-expressao>,False,RPC
lib/escalacao/retomada.ts,125,fn_conversation_assign,False,RPC
lib/escalacao/retomada.ts,206,fn_passagem_devolvida,False,RPC
lib/escalacao/retomada.ts,221,emit_event,False,RPC
lib/extensions/service.ts,334,fn_extensions_installation_counts,False,RPC
lib/extensions/service.ts,652,fn_extensions_admit_catalog,False,RPC
lib/extensions/service.ts,689,fn_extensions_prepare_install,False,RPC
lib/extensions/service.ts,751,fn_extensions_fail_install,False,RPC
lib/extensions/service.ts,781,fn_extensions_finish_install,False,RPC
lib/extensions/service.ts,825,fn_extensions_cancel_install,False,RPC
lib/extensions/service.ts,890,fn_extensions_revert_install,False,RPC
lib/extensions/service.ts,927,fn_extensions_remove_installation,False,RPC
lib/extensions/service.ts,1002,fn_extensions_configure,False,RPC
lib/followup/engine.ts,774,fn_claim_due_followup_enrollments,False,RPC
lib/followup/engine.ts,859,fn_followup_apply_step,False,RPC
lib/followup/engine.ts,867,fn_followup_patch,False,RPC
lib/followup/enviar-texto-fixo.ts,24,fn_followup_claim_current,False,RPC
lib/followup/enviar-texto-fixo.ts,26,fn_followup_job_current,False,RPC
lib/followup/enviar-texto-fixo.ts,61,fn_followup_inline_settle,False,RPC
lib/followup/gatilho-presenca.handler.ts,8,fn_appointment_recover,False,RPC
lib/followup/publish.ts,27,fn_publish_followup_flow_version,False,RPC
lib/followup/reactivity.ts,500,<dinamico-ou-expressao>,False,RPC
lib/impersonate/support.ts,15,fn_support_context,False,RPC
lib/impersonate/support.ts,47,fn_support_callback_write_allowed,False,RPC
lib/leads/activity-write-failure.ts,52,emit_event,False,RPC
lib/leads/agent-stage-sync.ts,380,<dinamico-ou-expressao>,False,RPC
lib/leads/appointment-stage-move.ts,162,<dinamico-ou-expressao>,False,RPC
lib/leads/atribuicao-de-anuncio.ts,73,<dinamico-ou-expressao>,False,RPC
lib/leads/handoff-stage-move.ts,167,<dinamico-ou-expressao>,False,RPC
lib/leads/nascimento-do-lead.ts,299,fn_nascer_lead_da_conversa,False,RPC
lib/leads/origem-do-site.ts,195,fn_estampar_atribuicao_de_anuncio,False,RPC
lib/leads/risk-seed.ts,211,emit_event,False,RPC
lib/lgpd/redact-cascade.ts,106,<dinamico-ou-expressao>,False,RPC
lib/lgpd/sla-alarm.ts,197,jsonb_set_last_alarm_at,False,RPC
lib/mcp/tools/governance.ts,99,fn_conversation_assign,False,RPC
lib/mcp/tools/handoff.ts,157,fn_channel_routing_claim,False,RPC
lib/mcp/tools/handoff.ts,187,fn_request_channel_routing,False,RPC
lib/messaging/open-shared-contact-conversation.ts,63,<dinamico-ou-expressao>,False,RPC
lib/routing/worker.ts,194,fn_channel_routing_claim,False,RPC
lib/routing/worker.ts,318,fn_routing_unassigned_notice,False,RPC
lib/waha/ingest.ts,256,<dinamico-ou-expressao>,False,RPC
lib/waha/ingest.ts,484,<dinamico-ou-expressao>,False,RPC
lib/waha/ingest.ts,513,<dinamico-ou-expressao>,False,RPC
lib/waha/ingest.ts,777,<dinamico-ou-expressao>,False,RPC
lib/waha/ingest.ts,979,<dinamico-ou-expressao>,False,RPC
lib/webhooks/secrets.ts,20,fn_encrypt_oauth,False,RPC
lib/webhooks/secrets.ts,36,fn_decrypt_oauth,False,RPC
workers/ai-response-worker.ts,929,<dinamico-ou-expressao>,False,RPC
workers/ai-response-worker.ts,940,<dinamico-ou-expressao>,False,RPC
workers/ai-response-worker.ts,1106,<dinamico-ou-expressao>,False,RPC
workers/ai-response-worker.ts,1131,<dinamico-ou-expressao>,False,RPC
workers/ai-sentiment-worker.ts,323,<dinamico-ou-expressao>,False,RPC
workers/lgpd-export-worker.ts,363,<dinamico-ou-expressao>,False,RPC
workers/lgpd-export-worker.ts,377,<dinamico-ou-expressao>,False,RPC
workers/lgpd-redact-worker.ts,269,<dinamico-ou-expressao>,False,RPC
workers/lgpd-redact-worker.ts,413,<dinamico-ou-expressao>,False,RPC
workers/lgpd-redact-worker.ts,483,<dinamico-ou-expressao>,False,RPC
workers/media-persist-worker.ts,145,<dinamico-ou-expressao>,False,RPC
workers/rag-indexer.ts,294,<dinamico-ou-expressao>,False,RPC
